"","instant_book","rating_checkin","person_capacity","rating_cleanliness","tax","lon","cancel_policy","price","lat","host_id","review_score_a","rev_count","bed_type","accuracy_rating","rating_communication","satisfaction_guest","hosting_id","url","cleaning_fee","nightly_price","room_type","TV","Cable.TV","Internet","Wireless.Internet","Air.conditioning","Wheelchair accessible","Pool","Kitchen","Free.parking.on.premises","Smoking.allowed","Pets.allowed","Doorman","Gym","Breakfast","Elevator.in.building","Hot.tub","Indoor.fireplace","Buzzer/wireless.intercom","Heating","Family/kid.friendly","Suitable.for.events","Washer","Dryer","Essentials","Shampoo","Hangers","Hair.dryer","Iron","Laptop.friendly.workspace","Self.Check-In"
"1","False",10,2,10,3,-81.3070035592793,5,31,28.4906293091901,72270248,5,39,"Real Bed",10,10,98,13688113,"https://www.airbnb.com/rooms/13688113",0,"$31","Private room",TRUE,FALSE,TRUE,TRUE,TRUE,FALSE,TRUE,TRUE,TRUE,FALSE,FALSE,FALSE,TRUE,FALSE,FALSE,FALSE,FALSE,FALSE,TRUE,FALSE,FALSE,TRUE,TRUE,TRUE,TRUE,FALSE,FALSE,FALSE,FALSE,FALSE
"2","False",10,2,9,4,-81.2858836798148,3,32,28.4619949664349,49689801,4.5,17,"Real Bed",10,10,89,9601546,"https://www.airbnb.com/rooms/9601546",5,"$32","Private room",TRUE,FALSE,TRUE,TRUE,TRUE,FALSE,FALSE,TRUE,TRUE,FALSE,FALSE,FALSE,FALSE,FALSE,FALSE,TRUE,FALSE,FALSE,TRUE,TRUE,FALSE,TRUE,FALSE,TRUE,TRUE,TRUE,FALSE,TRUE,TRUE,FALSE
"3","False",9,6,9,13,-81.4580885041758,5,50,28.4995710416535,47279527,4,32,"Real Bed",9,9,81,11849341,"https://www.airbnb.com/rooms/11849341",60,"$50","Entire home/apt",TRUE,FALSE,TRUE,TRUE,TRUE,TRUE,TRUE,TRUE,TRUE,FALSE,FALSE,FALSE,FALSE,FALSE,FALSE,FALSE,FALSE,FALSE,TRUE,TRUE,FALSE,TRUE,TRUE,TRUE,FALSE,TRUE,FALSE,TRUE,FALSE,FALSE
"4","False",10,2,10,7,-81.4914975910113,4,47,28.4215577967323,3746935,5,61,"Real Bed",10,10,98,4931328,"https://www.airbnb.com/rooms/4931328",15,"$47","Private room",TRUE,FALSE,TRUE,TRUE,TRUE,FALSE,TRUE,TRUE,TRUE,FALSE,FALSE,FALSE,FALSE,FALSE,FALSE,FALSE,FALSE,FALSE,TRUE,FALSE,FALSE,TRUE,TRUE,TRUE,TRUE,TRUE,TRUE,TRUE,TRUE,FALSE
"5","False",9,2,10,6,-81.4867100371742,5,25,28.5422703027111,66658840,4.5,30,"Real Bed",10,10,93,12409300,"https://www.airbnb.com/rooms/12409300",25,"$25","Private room",TRUE,TRUE,TRUE,TRUE,TRUE,FALSE,TRUE,TRUE,TRUE,FALSE,FALSE,FALSE,FALSE,FALSE,FALSE,FALSE,TRUE,FALSE,TRUE,TRUE,FALSE,TRUE,TRUE,TRUE,TRUE,TRUE,TRUE,FALSE,FALSE,FALSE
"6","False",10,2,10,8,-81.3526041319525,3,69,28.563588328704,17564428,5,28,"Real Bed",10,10,99,3488242,"https://www.airbnb.com/rooms/3488242",0,"$69","Entire home/apt",TRUE,FALSE,TRUE,TRUE,TRUE,FALSE,TRUE,TRUE,TRUE,FALSE,FALSE,FALSE,FALSE,FALSE,FALSE,FALSE,FALSE,FALSE,TRUE,FALSE,FALSE,TRUE,TRUE,TRUE,TRUE,TRUE,TRUE,TRUE,TRUE,FALSE
"7","False",10,4,10,15,-81.4449368045096,4,90,28.3958045502169,41422975,5,19,"Real Bed",10,10,100,13149490,"https://www.airbnb.com/rooms/13149490",35,"$90","Entire home/apt",TRUE,FALSE,FALSE,TRUE,TRUE,FALSE,FALSE,TRUE,TRUE,FALSE,FALSE,FALSE,FALSE,FALSE,FALSE,FALSE,FALSE,FALSE,TRUE,TRUE,FALSE,TRUE,TRUE,TRUE,TRUE,TRUE,TRUE,FALSE,FALSE,FALSE
"8","False",10,4,10,7,-81.4551669428349,4,50,28.5193298539609,21984423,5,5,"Real Bed",10,10,100,14077330,"https://www.airbnb.com/rooms/14077330",10,"$50","Private room",TRUE,FALSE,TRUE,TRUE,TRUE,FALSE,TRUE,TRUE,TRUE,FALSE,FALSE,FALSE,TRUE,FALSE,FALSE,FALSE,FALSE,FALSE,TRUE,FALSE,FALSE,TRUE,TRUE,FALSE,TRUE,FALSE,TRUE,TRUE,TRUE,FALSE
"9","True",10,5,10,8,-81.457350333746,5,56,28.5536843765647,100397613,5,8,"Real Bed",10,10,100,15582387,"https://www.airbnb.com/rooms/15582387",12,"$56","Entire home/apt",TRUE,FALSE,TRUE,TRUE,TRUE,FALSE,FALSE,TRUE,TRUE,FALSE,FALSE,FALSE,FALSE,FALSE,FALSE,FALSE,FALSE,FALSE,FALSE,TRUE,FALSE,FALSE,FALSE,TRUE,TRUE,TRUE,TRUE,TRUE,FALSE,FALSE
"10","True",10,2,10,6,-81.3711857771134,3,49,28.5198580950852,23127710,5,178,"Real Bed",10,10,99,4700802,"https://www.airbnb.com/rooms/4700802",0,"$49","Private room",TRUE,FALSE,FALSE,TRUE,TRUE,FALSE,FALSE,TRUE,TRUE,FALSE,FALSE,FALSE,FALSE,TRUE,FALSE,FALSE,TRUE,FALSE,TRUE,FALSE,FALSE,FALSE,FALSE,TRUE,TRUE,FALSE,FALSE,FALSE,FALSE,FALSE
"11","True",10,2,10,6,-81.3479690289196,5,41,28.5653519010922,7861291,5,235,"Real Bed",9,10,95,1467613,"https://www.airbnb.com/rooms/1467613",10,"$41","Private room",FALSE,FALSE,TRUE,TRUE,TRUE,FALSE,FALSE,TRUE,TRUE,FALSE,FALSE,FALSE,FALSE,FALSE,FALSE,FALSE,FALSE,FALSE,TRUE,TRUE,FALSE,TRUE,TRUE,TRUE,TRUE,FALSE,FALSE,FALSE,FALSE,FALSE
"12","False",10,2,10,13,-81.4047861831628,4,69,28.5459259951978,6271744,5,23,"Real Bed",10,10,97,12275286,"https://www.airbnb.com/rooms/12275286",35,"$69","Private room",TRUE,FALSE,TRUE,TRUE,TRUE,FALSE,TRUE,TRUE,TRUE,TRUE,FALSE,FALSE,FALSE,FALSE,FALSE,TRUE,FALSE,FALSE,TRUE,FALSE,FALSE,FALSE,FALSE,TRUE,TRUE,TRUE,TRUE,TRUE,TRUE,FALSE
"13","False",9,2,9,11,-81.4672974417313,3,45,28.4828544219997,82203952,4.5,3,"Real Bed",10,9,93,14376313,"https://www.airbnb.com/rooms/14376313",50,"$45","Private room",TRUE,FALSE,FALSE,TRUE,TRUE,FALSE,TRUE,TRUE,TRUE,FALSE,FALSE,FALSE,TRUE,TRUE,FALSE,TRUE,FALSE,FALSE,TRUE,FALSE,FALSE,TRUE,TRUE,TRUE,TRUE,TRUE,TRUE,TRUE,FALSE,FALSE
"14","False",10,2,10,9,-81.471347111315,5,47,28.4939495411409,3301008,5,176,"Real Bed",10,10,98,655678,"https://www.airbnb.com/rooms/655678",25,"$47","Private room",TRUE,TRUE,TRUE,TRUE,TRUE,FALSE,FALSE,TRUE,TRUE,FALSE,FALSE,FALSE,FALSE,FALSE,FALSE,TRUE,FALSE,FALSE,TRUE,FALSE,FALSE,FALSE,FALSE,TRUE,TRUE,TRUE,TRUE,TRUE,TRUE,FALSE
"15","True",10,2,10,5,-81.4930923236675,5,41,28.5292048512353,19811395,5,85,"Real Bed",10,10,99,10381225,"https://www.airbnb.com/rooms/10381225",0,"$41","Private room",TRUE,FALSE,TRUE,TRUE,TRUE,FALSE,TRUE,TRUE,TRUE,FALSE,FALSE,FALSE,FALSE,FALSE,FALSE,FALSE,FALSE,FALSE,TRUE,FALSE,FALSE,FALSE,TRUE,TRUE,TRUE,TRUE,TRUE,TRUE,FALSE,FALSE
"16","False",10,2,10,8,-81.3538886190757,4,65,28.5049496184349,25714598,5,230,"Real Bed",10,10,98,4987840,"https://www.airbnb.com/rooms/4987840",0,"$65","Entire home/apt",TRUE,TRUE,TRUE,TRUE,TRUE,FALSE,FALSE,TRUE,TRUE,FALSE,FALSE,FALSE,FALSE,FALSE,FALSE,FALSE,FALSE,FALSE,TRUE,TRUE,FALSE,FALSE,FALSE,TRUE,TRUE,TRUE,TRUE,FALSE,TRUE,FALSE
"17","True",10,1,9,2,-81.2805699848736,3,20,28.6094727476397,57027203,4.5,14,"Pull-out Sofa",9,10,86,10990787,"https://www.airbnb.com/rooms/10990787",0,"$20","Shared room",FALSE,FALSE,FALSE,TRUE,FALSE,FALSE,FALSE,TRUE,TRUE,FALSE,FALSE,FALSE,FALSE,FALSE,FALSE,FALSE,FALSE,FALSE,FALSE,FALSE,FALSE,FALSE,TRUE,FALSE,FALSE,FALSE,FALSE,FALSE,FALSE,FALSE
"18","True",10,2,10,5,-81.23884636119,4,40,28.5761393800938,70969917,5,22,"Real Bed",10,10,99,13324997,"https://www.airbnb.com/rooms/13324997",0,"$40","Private room",TRUE,FALSE,TRUE,TRUE,TRUE,FALSE,FALSE,FALSE,TRUE,FALSE,FALSE,FALSE,FALSE,FALSE,FALSE,FALSE,FALSE,FALSE,TRUE,FALSE,FALSE,FALSE,FALSE,TRUE,TRUE,FALSE,FALSE,FALSE,FALSE,FALSE
"19","False",9,4,10,18,-81.4710801938439,5,95,28.5060783820227,52688951,5,59,"Real Bed",10,10,95,10250197,"https://www.airbnb.com/rooms/10250197",50,"$95","Entire home/apt",TRUE,FALSE,TRUE,TRUE,TRUE,FALSE,TRUE,TRUE,TRUE,FALSE,FALSE,TRUE,FALSE,FALSE,FALSE,TRUE,FALSE,FALSE,TRUE,TRUE,FALSE,TRUE,TRUE,TRUE,FALSE,TRUE,TRUE,TRUE,TRUE,FALSE
"20","True",9,2,8,5,-81.4742187068798,4,30,28.5350432626574,40746699,4.5,58,"Real Bed",9,10,89,7750565,"https://www.airbnb.com/rooms/7750565",10,"$30","Private room",TRUE,FALSE,TRUE,TRUE,TRUE,TRUE,TRUE,TRUE,TRUE,FALSE,TRUE,FALSE,TRUE,FALSE,FALSE,FALSE,FALSE,FALSE,TRUE,TRUE,TRUE,TRUE,TRUE,TRUE,TRUE,FALSE,FALSE,FALSE,FALSE,FALSE
"21","True",10,4,10,10,-81.4335566672003,5,59,28.370087744896,33245081,5,121,"Real Bed",9,10,95,6378082,"https://www.airbnb.com/rooms/6378082",25,"$59","Private room",TRUE,FALSE,TRUE,TRUE,TRUE,TRUE,TRUE,TRUE,TRUE,FALSE,FALSE,FALSE,TRUE,FALSE,FALSE,FALSE,FALSE,FALSE,TRUE,TRUE,FALSE,TRUE,TRUE,TRUE,TRUE,FALSE,FALSE,FALSE,FALSE,FALSE
"22","False",10,3,10,7,-81.4645255036112,5,46,28.4827071769734,70854049,5,17,"Real Bed",10,10,98,13527047,"https://www.airbnb.com/rooms/13527047",10,"$46","Private room",TRUE,FALSE,TRUE,TRUE,TRUE,FALSE,TRUE,TRUE,TRUE,FALSE,FALSE,FALSE,FALSE,FALSE,FALSE,TRUE,TRUE,TRUE,TRUE,TRUE,FALSE,TRUE,TRUE,TRUE,TRUE,TRUE,TRUE,TRUE,TRUE,FALSE
"23","True",10,2,10,8,-81.4662839595579,4,45,28.4826177660645,96968307,5,11,"Real Bed",10,10,98,15249235,"https://www.airbnb.com/rooms/15249235",25,"$45","Private room",TRUE,TRUE,TRUE,TRUE,TRUE,FALSE,TRUE,TRUE,TRUE,FALSE,FALSE,FALSE,TRUE,FALSE,FALSE,TRUE,FALSE,FALSE,TRUE,TRUE,FALSE,TRUE,TRUE,TRUE,TRUE,TRUE,TRUE,TRUE,TRUE,FALSE
"24","True",9,2,10,10,-81.4734788974768,5,35,28.4073406258293,7269816,4.5,46,"Real Bed",9,9,93,4642638,"https://www.airbnb.com/rooms/4642638",45,"$35","Private room",FALSE,FALSE,FALSE,TRUE,TRUE,FALSE,TRUE,TRUE,TRUE,FALSE,FALSE,FALSE,FALSE,FALSE,FALSE,FALSE,FALSE,FALSE,TRUE,FALSE,FALSE,TRUE,TRUE,FALSE,FALSE,FALSE,FALSE,FALSE,FALSE,FALSE
"25","True",10,2,10,8,-81.4840655518383,5,45,28.3987040276237,71820349,5,6,"Real Bed",10,10,100,15533754,"https://www.airbnb.com/rooms/15533754",20,"$45","Private room",FALSE,FALSE,TRUE,TRUE,TRUE,FALSE,FALSE,TRUE,TRUE,FALSE,FALSE,FALSE,FALSE,FALSE,FALSE,FALSE,FALSE,FALSE,TRUE,TRUE,FALSE,TRUE,TRUE,TRUE,TRUE,TRUE,TRUE,TRUE,FALSE,FALSE
"26","False",10,3,10,6,-81.4621644197806,5,45,28.4853963046137,11066121,5,73,"Real Bed",10,10,97,8087661,"https://www.airbnb.com/rooms/8087661",10,"$45","Private room",TRUE,FALSE,TRUE,TRUE,TRUE,FALSE,TRUE,FALSE,TRUE,FALSE,FALSE,FALSE,FALSE,FALSE,FALSE,TRUE,FALSE,FALSE,TRUE,TRUE,FALSE,TRUE,TRUE,TRUE,TRUE,FALSE,TRUE,TRUE,TRUE,FALSE
"27","False",10,2,10,4,-81.4014357798629,4,35,28.5530882873234,86735066,5,25,"Real Bed",10,10,100,14251750,"https://www.airbnb.com/rooms/14251750",0,"$35","Private room",TRUE,FALSE,TRUE,TRUE,TRUE,FALSE,FALSE,TRUE,TRUE,FALSE,FALSE,FALSE,FALSE,TRUE,FALSE,FALSE,FALSE,FALSE,TRUE,TRUE,FALSE,TRUE,TRUE,TRUE,TRUE,FALSE,FALSE,FALSE,FALSE,FALSE
"28","False",10,3,10,7,-81.4657795410679,5,58,28.4822715384372,90042717,5,6,"Real Bed",10,10,100,14882456,"https://www.airbnb.com/rooms/14882456",0,"$58","Private room",TRUE,TRUE,TRUE,TRUE,TRUE,FALSE,TRUE,FALSE,TRUE,FALSE,FALSE,FALSE,TRUE,FALSE,FALSE,TRUE,TRUE,TRUE,TRUE,TRUE,FALSE,TRUE,TRUE,TRUE,TRUE,TRUE,TRUE,TRUE,TRUE,FALSE
"29","True",9,3,10,8,-81.444826491803,5,35,28.4806894707776,67665413,4.5,34,"Real Bed",10,9,91,12725895,"https://www.airbnb.com/rooms/12725895",30,"$35","Private room",TRUE,TRUE,TRUE,TRUE,TRUE,FALSE,FALSE,TRUE,TRUE,FALSE,FALSE,FALSE,FALSE,FALSE,FALSE,FALSE,FALSE,TRUE,FALSE,TRUE,FALSE,TRUE,TRUE,TRUE,FALSE,TRUE,TRUE,TRUE,TRUE,FALSE
"30","False",10,2,10,12,-81.3697782687768,4,75,28.5811459340966,64913867,4.5,5,"Pull-out Sofa",9,10,88,12106003,"https://www.airbnb.com/rooms/12106003",25,"$75","Entire home/apt",TRUE,TRUE,TRUE,TRUE,TRUE,FALSE,TRUE,TRUE,TRUE,FALSE,FALSE,FALSE,FALSE,FALSE,FALSE,TRUE,FALSE,FALSE,TRUE,TRUE,FALSE,FALSE,FALSE,TRUE,TRUE,TRUE,TRUE,TRUE,TRUE,FALSE
"31","False",10,2,10,7,-81.4770643989982,5,35,28.4799967662296,49037035,4.5,52,"Real Bed",10,9,93,11422560,"https://www.airbnb.com/rooms/11422560",25,"$35","Private room",FALSE,FALSE,TRUE,TRUE,TRUE,FALSE,FALSE,TRUE,TRUE,FALSE,FALSE,FALSE,FALSE,FALSE,FALSE,TRUE,FALSE,FALSE,TRUE,FALSE,FALSE,FALSE,FALSE,FALSE,FALSE,FALSE,FALSE,FALSE,FALSE,FALSE
"32","True",9,4,9,19,-81.4742986688656,5,59,28.5058729777511,5263679,4.5,57,"Real Bed",8,9,85,1295985,"https://www.airbnb.com/rooms/1295985",99,"$59","Entire home/apt",TRUE,FALSE,FALSE,TRUE,TRUE,FALSE,TRUE,TRUE,TRUE,FALSE,TRUE,FALSE,FALSE,FALSE,FALSE,TRUE,FALSE,FALSE,TRUE,FALSE,FALSE,TRUE,TRUE,FALSE,FALSE,FALSE,FALSE,FALSE,FALSE,FALSE
"33","False",10,3,10,5,-81.4748736385281,4,40,28.4871082842321,58076089,5,9,"Real Bed",10,10,98,11226590,"https://www.airbnb.com/rooms/11226590",0,"$40","Private room",TRUE,TRUE,TRUE,TRUE,TRUE,FALSE,TRUE,TRUE,TRUE,FALSE,TRUE,FALSE,FALSE,FALSE,FALSE,FALSE,FALSE,FALSE,TRUE,TRUE,FALSE,TRUE,TRUE,TRUE,TRUE,TRUE,FALSE,FALSE,FALSE,FALSE
"34","True",10,2,10,10,-81.3900056977176,5,60,28.5643367882798,1351362,5,205,"Real Bed",10,10,99,742642,"https://www.airbnb.com/rooms/742642",25,"$60","Private room",TRUE,TRUE,TRUE,TRUE,TRUE,FALSE,TRUE,TRUE,TRUE,FALSE,FALSE,FALSE,FALSE,FALSE,FALSE,FALSE,TRUE,FALSE,TRUE,FALSE,FALSE,TRUE,TRUE,TRUE,TRUE,TRUE,TRUE,TRUE,TRUE,FALSE
"35","False",9,2,10,6,-81.4722065871802,5,45,28.5050780518185,54224805,5,14,"Real Bed",10,10,97,15210501,"https://www.airbnb.com/rooms/15210501",10,"$45","Private room",TRUE,FALSE,FALSE,TRUE,TRUE,FALSE,FALSE,TRUE,TRUE,FALSE,FALSE,FALSE,FALSE,FALSE,TRUE,FALSE,FALSE,FALSE,TRUE,TRUE,FALSE,TRUE,TRUE,TRUE,TRUE,TRUE,FALSE,FALSE,FALSE,FALSE
"36","False",9,4,9,6,-81.4670760097262,5,39,28.3915989487656,34554222,4.5,61,"Real Bed",10,9,91,7875471,"https://www.airbnb.com/rooms/7875471",15,"$39","Private room",TRUE,FALSE,TRUE,TRUE,TRUE,TRUE,TRUE,TRUE,TRUE,FALSE,FALSE,FALSE,FALSE,FALSE,TRUE,FALSE,FALSE,FALSE,TRUE,TRUE,FALSE,TRUE,TRUE,TRUE,TRUE,FALSE,FALSE,FALSE,FALSE,FALSE
"37","True",10,2,10,9,-81.4293824829104,5,45,28.4891771705489,5190733,5,61,"Real Bed",10,10,98,6675929,"https://www.airbnb.com/rooms/6675929",30,"$45","Private room",TRUE,FALSE,FALSE,TRUE,TRUE,FALSE,TRUE,TRUE,TRUE,FALSE,TRUE,FALSE,TRUE,FALSE,FALSE,FALSE,FALSE,FALSE,FALSE,FALSE,FALSE,TRUE,TRUE,FALSE,FALSE,TRUE,TRUE,FALSE,FALSE,FALSE
"38","True",10,2,9,8,-81.4694429632206,5,69,28.456318011211,12694264,4.5,99,"Real Bed",9,10,90,2481385,"https://www.airbnb.com/rooms/2481385",0,"$69","Entire home/apt",TRUE,TRUE,TRUE,TRUE,TRUE,FALSE,TRUE,TRUE,TRUE,FALSE,FALSE,FALSE,TRUE,FALSE,TRUE,TRUE,FALSE,FALSE,TRUE,TRUE,FALSE,TRUE,TRUE,TRUE,TRUE,TRUE,TRUE,TRUE,TRUE,FALSE
"39","True",10,1,10,3,-81.4393365278076,5,24,28.519166993931,61879526,5,8,"Real Bed",10,10,95,13787565,"https://www.airbnb.com/rooms/13787565",7,"$24","Shared room",FALSE,FALSE,TRUE,TRUE,TRUE,FALSE,FALSE,TRUE,TRUE,FALSE,FALSE,FALSE,FALSE,FALSE,FALSE,FALSE,FALSE,FALSE,TRUE,TRUE,FALSE,FALSE,FALSE,TRUE,TRUE,TRUE,FALSE,TRUE,FALSE,TRUE
"40","False",9,2,9,6,-81.4880875648899,5,25,28.5417374678075,66658840,4.5,21,"Real Bed",10,9,93,12495818,"https://www.airbnb.com/rooms/12495818",25,"$25","Private room",TRUE,TRUE,TRUE,TRUE,TRUE,FALSE,TRUE,TRUE,TRUE,FALSE,FALSE,FALSE,FALSE,FALSE,FALSE,FALSE,TRUE,FALSE,FALSE,TRUE,FALSE,TRUE,TRUE,TRUE,TRUE,TRUE,TRUE,FALSE,FALSE,FALSE
"41","True",9,2,9,6,-81.4712352968231,5,30,28.3866609265221,94869502,4.5,3,"Real Bed",9,9,93,15372559,"https://www.airbnb.com/rooms/15372559",18,"$30","Private room",FALSE,FALSE,FALSE,TRUE,TRUE,FALSE,TRUE,TRUE,TRUE,FALSE,FALSE,FALSE,TRUE,FALSE,FALSE,FALSE,FALSE,FALSE,FALSE,TRUE,FALSE,TRUE,TRUE,TRUE,FALSE,TRUE,FALSE,TRUE,TRUE,FALSE
"42","True",10,2,10,6,-81.4206402593292,5,37,28.4957344427877,28139893,4.5,3,"Airbed",10,10,93,15074612,"https://www.airbnb.com/rooms/15074612",15,"$37","Private room",TRUE,FALSE,TRUE,TRUE,TRUE,FALSE,TRUE,TRUE,TRUE,FALSE,FALSE,FALSE,TRUE,FALSE,FALSE,FALSE,FALSE,FALSE,TRUE,TRUE,FALSE,TRUE,TRUE,TRUE,FALSE,TRUE,TRUE,TRUE,TRUE,FALSE
"43","False",10,1,10,5,-81.4039335782178,4,20,28.5810247232282,46495702,5,4,"Real Bed",10,10,100,12925404,"https://www.airbnb.com/rooms/12925404",20,"$20","Private room",TRUE,FALSE,TRUE,TRUE,TRUE,FALSE,FALSE,TRUE,FALSE,FALSE,FALSE,FALSE,FALSE,FALSE,FALSE,FALSE,FALSE,FALSE,TRUE,FALSE,FALSE,TRUE,TRUE,TRUE,TRUE,TRUE,FALSE,FALSE,FALSE,FALSE
"44","False",10,3,10,7,-81.4210830346477,5,32,28.494119804413,31162990,5,40,"Real Bed",10,10,96,11890718,"https://www.airbnb.com/rooms/11890718",25,"$32","Private room",TRUE,FALSE,TRUE,TRUE,TRUE,TRUE,TRUE,TRUE,TRUE,FALSE,FALSE,FALSE,TRUE,FALSE,FALSE,TRUE,FALSE,FALSE,TRUE,TRUE,FALSE,TRUE,FALSE,TRUE,TRUE,FALSE,FALSE,FALSE,FALSE,FALSE
"45","True",10,2,10,6,-81.3853355007816,5,49,28.5726059872103,79253853,5,22,"Real Bed",10,10,99,13649795,"https://www.airbnb.com/rooms/13649795",0,"$49","Private room",TRUE,FALSE,FALSE,TRUE,TRUE,FALSE,FALSE,TRUE,TRUE,FALSE,FALSE,FALSE,FALSE,FALSE,FALSE,FALSE,FALSE,FALSE,TRUE,FALSE,FALSE,TRUE,TRUE,TRUE,TRUE,TRUE,TRUE,TRUE,FALSE,FALSE
"46","True",10,2,10,3,-81.3174561994508,5,29,28.5410045619292,3362758,5,107,"Real Bed",10,10,97,1707806,"https://www.airbnb.com/rooms/1707806",0,"$29","Private room",TRUE,FALSE,TRUE,TRUE,TRUE,FALSE,FALSE,TRUE,TRUE,FALSE,FALSE,FALSE,FALSE,FALSE,FALSE,FALSE,FALSE,FALSE,TRUE,TRUE,FALSE,FALSE,FALSE,TRUE,TRUE,TRUE,TRUE,FALSE,FALSE,FALSE
"47","True",10,2,10,8,-81.2935439209155,3,68,28.4696802206676,59935290,5,30,"Real Bed",10,10,100,11489654,"https://www.airbnb.com/rooms/11489654",0,"$68","Private room",TRUE,TRUE,TRUE,TRUE,TRUE,FALSE,TRUE,FALSE,TRUE,FALSE,FALSE,FALSE,TRUE,TRUE,FALSE,FALSE,FALSE,FALSE,TRUE,TRUE,FALSE,TRUE,TRUE,TRUE,TRUE,TRUE,TRUE,TRUE,TRUE,FALSE
"48","True",10,2,10,4,-81.3233726631816,3,32,28.3751628660081,92778307,5,3,"Real Bed",10,10,100,14866613,"https://www.airbnb.com/rooms/14866613",0,"$32","Private room",TRUE,FALSE,FALSE,TRUE,TRUE,FALSE,TRUE,TRUE,TRUE,TRUE,TRUE,FALSE,FALSE,TRUE,FALSE,FALSE,FALSE,FALSE,TRUE,TRUE,FALSE,TRUE,TRUE,TRUE,TRUE,TRUE,TRUE,TRUE,TRUE,FALSE
"49","False",10,2,10,8,-81.5089193770917,4,45,28.4949304746704,72026343,5,14,"Real Bed",10,10,97,13032525,"https://www.airbnb.com/rooms/13032525",19,"$45","Private room",TRUE,TRUE,TRUE,TRUE,TRUE,FALSE,TRUE,TRUE,TRUE,FALSE,FALSE,FALSE,FALSE,FALSE,FALSE,FALSE,TRUE,FALSE,TRUE,TRUE,FALSE,TRUE,TRUE,TRUE,TRUE,TRUE,TRUE,TRUE,TRUE,FALSE
"50","False",10,4,10,14,-81.4328171221821,4,76,28.4830979668252,43951670,5,18,"Real Bed",10,10,98,13083092,"https://www.airbnb.com/rooms/13083092",40,"$76","Entire home/apt",TRUE,TRUE,TRUE,TRUE,TRUE,TRUE,TRUE,TRUE,TRUE,FALSE,FALSE,FALSE,TRUE,FALSE,TRUE,TRUE,FALSE,FALSE,TRUE,TRUE,FALSE,TRUE,TRUE,TRUE,TRUE,TRUE,TRUE,TRUE,TRUE,FALSE
"51","False",10,4,10,5,-81.502232860372,4,30,28.6030052515844,2827865,5,12,"Real Bed",10,10,98,14789481,"https://www.airbnb.com/rooms/14789481",10,"$30","Private room",TRUE,TRUE,TRUE,TRUE,TRUE,FALSE,TRUE,TRUE,TRUE,FALSE,TRUE,FALSE,FALSE,FALSE,FALSE,FALSE,FALSE,FALSE,TRUE,TRUE,FALSE,TRUE,TRUE,TRUE,TRUE,TRUE,TRUE,TRUE,TRUE,FALSE
"52","True",10,2,10,8,-81.3691789735093,4,50,28.3609503618877,52012744,5,18,"Real Bed",10,10,98,10135241,"https://www.airbnb.com/rooms/10135241",20,"$50","Private room",TRUE,FALSE,TRUE,TRUE,TRUE,FALSE,TRUE,TRUE,TRUE,FALSE,FALSE,FALSE,FALSE,FALSE,FALSE,FALSE,FALSE,FALSE,FALSE,TRUE,FALSE,TRUE,TRUE,TRUE,TRUE,FALSE,FALSE,FALSE,FALSE,FALSE
"53","True",10,3,10,5,-81.230960238223,3,40,28.604109857725,80806096,5,15,"Real Bed",10,10,100,14557466,"https://www.airbnb.com/rooms/14557466",0,"$40","Private room",TRUE,FALSE,TRUE,TRUE,TRUE,FALSE,FALSE,TRUE,TRUE,FALSE,FALSE,FALSE,FALSE,FALSE,FALSE,FALSE,FALSE,FALSE,TRUE,TRUE,FALSE,TRUE,TRUE,TRUE,TRUE,TRUE,FALSE,TRUE,TRUE,FALSE
"54","True",10,2,10,9,-81.3559662505455,5,59,28.5377766630857,30940797,5,52,"Real Bed",10,10,96,13625502,"https://www.airbnb.com/rooms/13625502",20,"$59","Entire home/apt",TRUE,FALSE,TRUE,TRUE,TRUE,FALSE,FALSE,TRUE,TRUE,FALSE,TRUE,FALSE,FALSE,TRUE,FALSE,FALSE,FALSE,FALSE,TRUE,TRUE,FALSE,TRUE,TRUE,TRUE,TRUE,TRUE,TRUE,TRUE,TRUE,FALSE
"55","True",10,2,10,8,-81.4123224246415,5,35,28.488017360591,30476711,5,101,"Real Bed",10,10,97,6062600,"https://www.airbnb.com/rooms/6062600",35,"$35","Private room",TRUE,TRUE,TRUE,TRUE,TRUE,FALSE,TRUE,TRUE,TRUE,FALSE,FALSE,TRUE,TRUE,FALSE,FALSE,TRUE,FALSE,TRUE,TRUE,TRUE,FALSE,TRUE,TRUE,TRUE,TRUE,TRUE,TRUE,TRUE,FALSE,FALSE
"56","False",9,4,8,11,-81.3882433288594,4,79,28.5386186649539,56853340,4.5,7,"Real Bed",9,10,87,15195698,"https://www.airbnb.com/rooms/15195698",15,"$79","Entire home/apt",TRUE,FALSE,TRUE,TRUE,TRUE,FALSE,TRUE,TRUE,TRUE,FALSE,FALSE,FALSE,TRUE,FALSE,TRUE,FALSE,FALSE,FALSE,TRUE,TRUE,FALSE,TRUE,TRUE,FALSE,TRUE,TRUE,FALSE,FALSE,TRUE,FALSE
"57","True",10,2,10,9,-81.3693773162208,4,65,28.5651439469165,14949758,5,19,"Real Bed",10,10,97,14232224,"https://www.airbnb.com/rooms/14232224",10,"$65","Entire home/apt",TRUE,FALSE,TRUE,TRUE,TRUE,FALSE,FALSE,TRUE,TRUE,FALSE,FALSE,FALSE,FALSE,FALSE,FALSE,FALSE,FALSE,FALSE,TRUE,FALSE,FALSE,FALSE,FALSE,TRUE,TRUE,FALSE,FALSE,FALSE,FALSE,FALSE
"58","False",9,3,9,4,-81.4416604328802,3,29,28.4750134094353,58929031,4.5,20,"Real Bed",9,9,92,13130410,"https://www.airbnb.com/rooms/13130410",10,"$29","Private room",TRUE,FALSE,TRUE,TRUE,TRUE,FALSE,TRUE,TRUE,TRUE,FALSE,FALSE,FALSE,TRUE,FALSE,FALSE,FALSE,FALSE,FALSE,TRUE,TRUE,FALSE,TRUE,TRUE,TRUE,TRUE,TRUE,FALSE,TRUE,TRUE,FALSE
"59","False",10,3,10,15,-81.3800946454313,4,86,28.5312835071155,6271744,4.5,77,"Real Bed",10,10,94,8763124,"https://www.airbnb.com/rooms/8763124",35,"$86","Entire home/apt",TRUE,FALSE,TRUE,TRUE,TRUE,FALSE,FALSE,TRUE,TRUE,FALSE,FALSE,FALSE,FALSE,FALSE,FALSE,FALSE,FALSE,FALSE,TRUE,FALSE,FALSE,FALSE,FALSE,TRUE,FALSE,TRUE,TRUE,TRUE,TRUE,FALSE
"60","False",10,1,10,6,-81.2290479301149,4,40,28.6041369330463,18415184,5,47,"Real Bed",10,10,97,3653815,"https://www.airbnb.com/rooms/3653815",15,"$40","Private room",TRUE,TRUE,TRUE,TRUE,TRUE,TRUE,TRUE,TRUE,TRUE,FALSE,FALSE,FALSE,FALSE,FALSE,FALSE,FALSE,FALSE,FALSE,TRUE,TRUE,FALSE,TRUE,TRUE,TRUE,TRUE,TRUE,TRUE,TRUE,TRUE,FALSE
"61","False",10,2,9,11,-81.404627714696,4,59,28.5459934102617,6271744,5,8,"Real Bed",10,10,95,14037957,"https://www.airbnb.com/rooms/14037957",35,"$59","Private room",TRUE,FALSE,TRUE,TRUE,TRUE,FALSE,TRUE,TRUE,TRUE,TRUE,FALSE,FALSE,FALSE,FALSE,FALSE,TRUE,FALSE,FALSE,TRUE,FALSE,FALSE,FALSE,FALSE,TRUE,TRUE,FALSE,TRUE,TRUE,FALSE,FALSE
"62","True",10,2,9,6,-81.3472394087513,5,41,28.5653181520027,7861291,4.5,169,"Real Bed",9,10,93,1920236,"https://www.airbnb.com/rooms/1920236",10,"$41","Private room",FALSE,FALSE,TRUE,TRUE,TRUE,FALSE,FALSE,TRUE,TRUE,FALSE,FALSE,FALSE,FALSE,FALSE,FALSE,FALSE,FALSE,FALSE,TRUE,TRUE,FALSE,TRUE,TRUE,TRUE,TRUE,FALSE,FALSE,FALSE,FALSE,FALSE
"63","False",10,3,9,7,-81.4346188345238,5,38,28.5165796040656,22068201,4.5,68,"Real Bed",9,10,89,8957309,"https://www.airbnb.com/rooms/8957309",22,"$38","Entire home/apt",TRUE,FALSE,TRUE,TRUE,TRUE,FALSE,FALSE,TRUE,TRUE,FALSE,FALSE,FALSE,FALSE,FALSE,FALSE,FALSE,FALSE,FALSE,TRUE,TRUE,FALSE,TRUE,TRUE,TRUE,TRUE,FALSE,FALSE,FALSE,FALSE,FALSE
"64","True",10,1,10,2,-81.4678721947782,5,20,28.5321827960433,57872799,5,5,"Real Bed",10,10,100,15533452,"https://www.airbnb.com/rooms/15533452",0,"$20","Shared room",FALSE,FALSE,TRUE,TRUE,TRUE,TRUE,TRUE,TRUE,TRUE,FALSE,FALSE,FALSE,TRUE,FALSE,FALSE,FALSE,FALSE,FALSE,FALSE,FALSE,FALSE,TRUE,TRUE,TRUE,FALSE,FALSE,FALSE,FALSE,FALSE,FALSE
"65","True",9,2,10,10,-81.4741578265078,3,39,28.4104411415369,7269816,4.5,25,"Real Bed",9,9,91,8595882,"https://www.airbnb.com/rooms/8595882",45,"$39","Private room",FALSE,FALSE,FALSE,TRUE,TRUE,FALSE,TRUE,TRUE,TRUE,FALSE,FALSE,FALSE,TRUE,FALSE,TRUE,FALSE,FALSE,FALSE,TRUE,FALSE,FALSE,TRUE,TRUE,FALSE,FALSE,FALSE,FALSE,FALSE,FALSE,FALSE
"66","True",10,2,10,6,-81.4707176613757,5,40,28.506279008246,54224805,5,77,"Real Bed",10,10,100,10517919,"https://www.airbnb.com/rooms/10517919",10,"$40","Private room",TRUE,TRUE,TRUE,TRUE,TRUE,FALSE,TRUE,TRUE,TRUE,FALSE,FALSE,FALSE,FALSE,FALSE,TRUE,FALSE,FALSE,FALSE,TRUE,TRUE,FALSE,TRUE,TRUE,TRUE,TRUE,TRUE,TRUE,TRUE,FALSE,FALSE
"67","True",10,2,9,3,-81.2460940123749,3,29,28.5619373643429,2080048,4.5,230,"Futon",9,10,91,418279,"https://www.airbnb.com/rooms/418279",0,"$29","Private room",TRUE,TRUE,TRUE,TRUE,TRUE,FALSE,FALSE,TRUE,TRUE,FALSE,FALSE,FALSE,FALSE,FALSE,FALSE,FALSE,FALSE,FALSE,TRUE,TRUE,FALSE,TRUE,TRUE,TRUE,FALSE,TRUE,TRUE,TRUE,TRUE,FALSE
"68","False",10,3,10,8,-81.464354598421,5,58,28.4848213234786,70854049,5,32,"Real Bed",10,10,99,13209159,"https://www.airbnb.com/rooms/13209159",10,"$58","Private room",TRUE,FALSE,TRUE,TRUE,TRUE,FALSE,TRUE,FALSE,TRUE,FALSE,FALSE,FALSE,FALSE,FALSE,FALSE,TRUE,TRUE,TRUE,TRUE,FALSE,FALSE,TRUE,TRUE,TRUE,TRUE,TRUE,TRUE,TRUE,TRUE,FALSE
"69","False",10,1,8,3,-81.368917475295,5,25,28.5414963266037,20338853,4.5,36,"Real Bed",10,10,92,8503348,"https://www.airbnb.com/rooms/8503348",0,"$25","Private room",TRUE,FALSE,TRUE,TRUE,TRUE,FALSE,FALSE,TRUE,TRUE,FALSE,FALSE,FALSE,FALSE,FALSE,FALSE,FALSE,TRUE,FALSE,TRUE,FALSE,FALSE,TRUE,TRUE,FALSE,FALSE,FALSE,FALSE,FALSE,FALSE,FALSE
"70","False",10,1,9,6,-81.229627609067,4,40,28.6038321515874,18415184,4.5,45,"Real Bed",10,10,92,5026779,"https://www.airbnb.com/rooms/5026779",15,"$40","Private room",TRUE,TRUE,TRUE,TRUE,TRUE,TRUE,TRUE,TRUE,TRUE,FALSE,FALSE,FALSE,FALSE,FALSE,FALSE,FALSE,FALSE,FALSE,TRUE,TRUE,FALSE,TRUE,TRUE,TRUE,TRUE,TRUE,TRUE,TRUE,FALSE,FALSE
"71","True",9,1,9,5,-81.3493151970531,4,31,28.5651121834494,7861291,4.5,214,"Real Bed",9,10,92,2333040,"https://www.airbnb.com/rooms/2333040",10,"$31","Private room",FALSE,FALSE,TRUE,TRUE,TRUE,FALSE,FALSE,TRUE,TRUE,FALSE,FALSE,FALSE,FALSE,FALSE,FALSE,FALSE,FALSE,FALSE,TRUE,TRUE,FALSE,TRUE,TRUE,FALSE,TRUE,FALSE,FALSE,FALSE,FALSE,FALSE
"72","False",10,1,10,5,-81.5549439129882,3,40,28.445999357161,91191134,5,12,"Real Bed",10,10,100,14672216,"https://www.airbnb.com/rooms/14672216",0,"$40","Private room",TRUE,FALSE,TRUE,TRUE,TRUE,FALSE,FALSE,TRUE,TRUE,FALSE,FALSE,FALSE,FALSE,FALSE,FALSE,FALSE,FALSE,FALSE,TRUE,TRUE,FALSE,TRUE,TRUE,TRUE,TRUE,TRUE,TRUE,TRUE,TRUE,FALSE
"73","True",10,3,9,4,-81.4345139379509,5,29,28.5164163807183,22068201,4.5,79,"Real Bed",9,10,91,8845501,"https://www.airbnb.com/rooms/8845501",10,"$29","Private room",TRUE,FALSE,TRUE,TRUE,TRUE,FALSE,FALSE,TRUE,TRUE,FALSE,FALSE,FALSE,FALSE,FALSE,FALSE,FALSE,FALSE,FALSE,TRUE,TRUE,FALSE,TRUE,TRUE,TRUE,TRUE,FALSE,FALSE,FALSE,FALSE,TRUE
"74","True",10,2,10,13,-81.3317504926504,4,50,28.4577179044394,34824002,5,7,"Real Bed",10,9,100,14934137,"https://www.airbnb.com/rooms/14934137",60,"$50","Entire home/apt",TRUE,TRUE,TRUE,TRUE,TRUE,FALSE,FALSE,TRUE,TRUE,FALSE,FALSE,FALSE,FALSE,FALSE,FALSE,FALSE,FALSE,FALSE,TRUE,FALSE,FALSE,TRUE,TRUE,TRUE,TRUE,TRUE,TRUE,TRUE,TRUE,FALSE
"75","True",9,4,9,11,-81.3091665291308,3,94,28.46247412007,6507148,4.5,131,"Real Bed",10,9,92,1190405,"https://www.airbnb.com/rooms/1190405",0,"$94","Private room",TRUE,TRUE,TRUE,TRUE,TRUE,TRUE,TRUE,FALSE,TRUE,FALSE,FALSE,FALSE,TRUE,TRUE,TRUE,TRUE,FALSE,TRUE,TRUE,TRUE,TRUE,TRUE,TRUE,TRUE,TRUE,FALSE,FALSE,FALSE,FALSE,FALSE
"76","False",10,2,9,8,-81.4682269121228,5,45,28.4565720054987,54070622,4.5,6,"Real Bed",9,10,93,14695760,"https://www.airbnb.com/rooms/14695760",20,"$45","Private room",TRUE,FALSE,TRUE,TRUE,TRUE,FALSE,TRUE,TRUE,TRUE,FALSE,FALSE,FALSE,TRUE,FALSE,TRUE,TRUE,FALSE,FALSE,TRUE,FALSE,FALSE,TRUE,TRUE,TRUE,TRUE,TRUE,TRUE,TRUE,TRUE,FALSE
"77","True",10,4,9,10,-81.4320416932825,5,59,28.3715204431972,33245081,4.5,100,"Real Bed",9,10,94,6773282,"https://www.airbnb.com/rooms/6773282",25,"$59","Private room",TRUE,TRUE,TRUE,TRUE,TRUE,TRUE,TRUE,TRUE,TRUE,FALSE,FALSE,FALSE,TRUE,TRUE,FALSE,FALSE,FALSE,FALSE,TRUE,TRUE,FALSE,TRUE,TRUE,TRUE,TRUE,TRUE,TRUE,TRUE,TRUE,FALSE
"78","False",10,4,9,11,-81.3530338538089,4,55,28.5152325322803,78914094,4.5,13,"Real Bed",10,10,94,15165016,"https://www.airbnb.com/rooms/15165016",40,"$55","Entire home/apt",TRUE,TRUE,FALSE,TRUE,TRUE,FALSE,FALSE,TRUE,TRUE,FALSE,TRUE,FALSE,FALSE,FALSE,FALSE,FALSE,FALSE,FALSE,TRUE,TRUE,FALSE,FALSE,FALSE,TRUE,TRUE,TRUE,TRUE,TRUE,TRUE,FALSE
"79","False",10,2,10,6,-81.4054449554683,5,45,28.3600906499103,47732547,5,66,"Real Bed",10,10,97,9172155,"https://www.airbnb.com/rooms/9172155",7,"$45","Private room",TRUE,TRUE,TRUE,TRUE,TRUE,FALSE,TRUE,FALSE,TRUE,FALSE,FALSE,FALSE,TRUE,FALSE,FALSE,FALSE,FALSE,FALSE,TRUE,TRUE,FALSE,FALSE,FALSE,TRUE,TRUE,TRUE,TRUE,FALSE,FALSE,FALSE
"80","True",10,2,10,11,-81.3891116197326,5,65,28.5684633918299,1351362,5,204,"Real Bed",10,10,99,718351,"https://www.airbnb.com/rooms/718351",25,"$65","Private room",TRUE,TRUE,FALSE,TRUE,TRUE,FALSE,TRUE,TRUE,TRUE,FALSE,FALSE,FALSE,FALSE,FALSE,FALSE,FALSE,TRUE,FALSE,TRUE,FALSE,FALSE,TRUE,TRUE,TRUE,TRUE,FALSE,FALSE,FALSE,FALSE,FALSE
"81","True",10,2,10,5,-81.4407172152021,5,41,28.4887289832785,19811395,5,28,"Real Bed",10,10,99,14253543,"https://www.airbnb.com/rooms/14253543",0,"$41","Private room",FALSE,FALSE,TRUE,TRUE,TRUE,FALSE,FALSE,TRUE,TRUE,FALSE,FALSE,FALSE,FALSE,FALSE,FALSE,FALSE,FALSE,FALSE,TRUE,FALSE,FALSE,FALSE,TRUE,TRUE,TRUE,TRUE,TRUE,TRUE,FALSE,FALSE
"82","True",9,4,9,13,-81.4653925047767,5,54,28.4573086960425,5472668,4.5,35,"Real Bed",8,9,86,6182327,"https://www.airbnb.com/rooms/6182327",50,"$54","Entire home/apt",TRUE,TRUE,TRUE,TRUE,TRUE,FALSE,TRUE,TRUE,TRUE,FALSE,FALSE,TRUE,TRUE,TRUE,TRUE,TRUE,FALSE,FALSE,TRUE,TRUE,FALSE,TRUE,TRUE,TRUE,TRUE,TRUE,TRUE,TRUE,FALSE,FALSE
"83","True",10,4,9,14,-81.4067443967224,5,74,28.5826824912035,56824797,4.5,46,"Real Bed",10,10,93,11142694,"https://www.airbnb.com/rooms/11142694",40,"$74","Entire home/apt",TRUE,FALSE,TRUE,TRUE,TRUE,FALSE,FALSE,TRUE,TRUE,FALSE,TRUE,FALSE,FALSE,FALSE,FALSE,FALSE,FALSE,FALSE,TRUE,TRUE,FALSE,TRUE,TRUE,TRUE,TRUE,FALSE,FALSE,FALSE,FALSE,FALSE
"84","False",10,4,9,9,-81.3674785492913,3,72,28.5024824620857,2842583,5,156,"Real Bed",10,10,98,579710,"https://www.airbnb.com/rooms/579710",0,"$72","Private room",FALSE,TRUE,TRUE,TRUE,TRUE,FALSE,TRUE,TRUE,TRUE,TRUE,FALSE,FALSE,FALSE,TRUE,FALSE,FALSE,TRUE,FALSE,TRUE,TRUE,FALSE,TRUE,TRUE,FALSE,TRUE,FALSE,FALSE,FALSE,FALSE,FALSE
"85","False",10,2,9,11,-81.405878407404,4,59,28.5454817666161,6271744,5,8,"Real Bed",10,10,98,13565256,"https://www.airbnb.com/rooms/13565256",35,"$59","Private room",TRUE,FALSE,FALSE,TRUE,TRUE,FALSE,TRUE,TRUE,TRUE,TRUE,FALSE,FALSE,FALSE,FALSE,FALSE,TRUE,FALSE,FALSE,TRUE,FALSE,FALSE,TRUE,TRUE,TRUE,TRUE,TRUE,TRUE,TRUE,FALSE,FALSE
"86","True",10,4,10,4,-81.4336480769473,5,24,28.5175480799855,22068201,4.5,72,"Real Bed",10,10,93,8268255,"https://www.airbnb.com/rooms/8268255",10,"$24","Private room",FALSE,FALSE,TRUE,TRUE,TRUE,FALSE,FALSE,TRUE,TRUE,FALSE,FALSE,FALSE,FALSE,FALSE,FALSE,FALSE,FALSE,FALSE,FALSE,TRUE,FALSE,TRUE,TRUE,TRUE,TRUE,FALSE,FALSE,FALSE,FALSE,FALSE
"87","True",9,2,8,5,-81.4728397373491,4,35,28.534017520794,40746699,4.5,60,"Real Bed",9,9,86,8459205,"https://www.airbnb.com/rooms/8459205",10,"$35","Private room",TRUE,TRUE,TRUE,TRUE,TRUE,FALSE,TRUE,TRUE,TRUE,FALSE,TRUE,FALSE,TRUE,FALSE,FALSE,FALSE,FALSE,FALSE,TRUE,TRUE,TRUE,TRUE,TRUE,TRUE,TRUE,FALSE,FALSE,FALSE,TRUE,FALSE
"88","False",10,2,9,6,-81.4879560772176,5,24,28.5421041228612,66658840,4.5,32,"Real Bed",9,10,91,12423432,"https://www.airbnb.com/rooms/12423432",25,"$24","Private room",TRUE,TRUE,TRUE,TRUE,TRUE,FALSE,TRUE,TRUE,TRUE,FALSE,FALSE,FALSE,FALSE,FALSE,FALSE,FALSE,TRUE,FALSE,FALSE,TRUE,FALSE,TRUE,TRUE,TRUE,TRUE,TRUE,TRUE,FALSE,FALSE,FALSE
"89","True",9,2,9,2,-81.2448958388119,3,23,28.5635407335739,2080048,4.5,135,"Real Bed",9,10,91,6245499,"https://www.airbnb.com/rooms/6245499",0,"$23","Private room",TRUE,TRUE,TRUE,TRUE,TRUE,FALSE,FALSE,TRUE,FALSE,FALSE,FALSE,FALSE,FALSE,FALSE,FALSE,FALSE,FALSE,FALSE,TRUE,TRUE,FALSE,TRUE,TRUE,TRUE,FALSE,TRUE,TRUE,TRUE,TRUE,FALSE
"90","False",10,2,10,6,-81.4681299805128,4,38,28.5288352672483,77106070,5,16,"Real Bed",10,10,95,13539968,"https://www.airbnb.com/rooms/13539968",15,"$38","Private room",FALSE,FALSE,FALSE,TRUE,TRUE,FALSE,TRUE,FALSE,TRUE,FALSE,FALSE,FALSE,FALSE,FALSE,FALSE,FALSE,FALSE,FALSE,TRUE,FALSE,FALSE,TRUE,TRUE,TRUE,TRUE,TRUE,TRUE,FALSE,FALSE,FALSE
"91","True",10,2,8,8,-81.3525263246534,5,50,28.5178476644,63618640,4.5,32,"Real Bed",9,10,91,11922719,"https://www.airbnb.com/rooms/11922719",15,"$50","Entire home/apt",TRUE,FALSE,TRUE,TRUE,TRUE,FALSE,FALSE,TRUE,TRUE,FALSE,FALSE,FALSE,FALSE,FALSE,FALSE,FALSE,FALSE,FALSE,FALSE,TRUE,FALSE,FALSE,FALSE,TRUE,TRUE,FALSE,FALSE,FALSE,FALSE,FALSE
"92","True",9,1,10,3,-81.4390449055972,5,24,28.51996946058,61879526,5,5,"Real Bed",9,9,96,14138060,"https://www.airbnb.com/rooms/14138060",7,"$24","Shared room",FALSE,FALSE,TRUE,TRUE,TRUE,FALSE,FALSE,TRUE,TRUE,FALSE,FALSE,FALSE,FALSE,FALSE,FALSE,FALSE,FALSE,FALSE,TRUE,TRUE,FALSE,FALSE,FALSE,TRUE,TRUE,TRUE,FALSE,TRUE,FALSE,TRUE
"93","True",10,3,10,6,-81.4109627535613,4,35,28.4944012026246,98721724,5,4,"Real Bed",10,10,100,15412598,"https://www.airbnb.com/rooms/15412598",20,"$35","Private room",FALSE,FALSE,TRUE,TRUE,TRUE,FALSE,TRUE,TRUE,TRUE,FALSE,FALSE,FALSE,TRUE,FALSE,FALSE,TRUE,FALSE,FALSE,TRUE,FALSE,FALSE,TRUE,TRUE,TRUE,TRUE,TRUE,FALSE,TRUE,FALSE,FALSE
"94","False",10,2,10,6,-81.4459102530802,3,49,28.42741451879,35201603,5,31,"Real Bed",10,10,96,7918680,"https://www.airbnb.com/rooms/7918680",0,"$49","Private room",TRUE,TRUE,TRUE,TRUE,TRUE,TRUE,TRUE,TRUE,TRUE,FALSE,FALSE,FALSE,TRUE,FALSE,TRUE,TRUE,FALSE,FALSE,TRUE,FALSE,FALSE,FALSE,FALSE,TRUE,TRUE,FALSE,FALSE,FALSE,FALSE,FALSE
"95","True",9,1,8,3,-81.4022626159373,5,20,28.5153642626221,26026771,4.5,61,"Couch",9,9,87,6377806,"https://www.airbnb.com/rooms/6377806",5,"$20","Shared room",TRUE,FALSE,TRUE,TRUE,TRUE,FALSE,FALSE,TRUE,TRUE,TRUE,FALSE,FALSE,FALSE,FALSE,FALSE,FALSE,FALSE,FALSE,TRUE,TRUE,TRUE,TRUE,TRUE,TRUE,TRUE,FALSE,FALSE,FALSE,FALSE,FALSE
"96","False",10,1,10,4,-81.2790583774864,5,36,28.5435096416945,60654652,4.5,13,"Real Bed",9,9,91,11521831,"https://www.airbnb.com/rooms/11521831",0,"$36","Private room",TRUE,FALSE,TRUE,TRUE,TRUE,FALSE,FALSE,TRUE,TRUE,FALSE,FALSE,FALSE,FALSE,FALSE,FALSE,FALSE,TRUE,FALSE,TRUE,FALSE,FALSE,FALSE,FALSE,FALSE,FALSE,FALSE,FALSE,FALSE,FALSE,FALSE
"97","True",9,2,9,3,-81.2771769572652,5,31,28.5067772166253,36379585,4.5,49,"Real Bed",9,10,88,9378339,"https://www.airbnb.com/rooms/9378339",0,"$31","Private room",TRUE,FALSE,TRUE,TRUE,TRUE,FALSE,TRUE,TRUE,TRUE,FALSE,FALSE,FALSE,FALSE,FALSE,FALSE,TRUE,FALSE,FALSE,TRUE,TRUE,FALSE,TRUE,TRUE,TRUE,TRUE,TRUE,TRUE,TRUE,TRUE,FALSE
"98","False",10,3,10,5,-81.4054952333349,4,40,28.6351353709263,1815471,5,30,"Real Bed",10,10,97,13062999,"https://www.airbnb.com/rooms/13062999",5,"$40","Private room",TRUE,TRUE,TRUE,TRUE,TRUE,FALSE,TRUE,TRUE,TRUE,FALSE,FALSE,FALSE,TRUE,FALSE,FALSE,TRUE,FALSE,FALSE,TRUE,TRUE,FALSE,TRUE,TRUE,TRUE,TRUE,TRUE,TRUE,TRUE,TRUE,FALSE
"99","False",10,2,9,5,-81.3784910280934,3,38,28.4547160860583,67422620,5,6,"Real Bed",10,10,100,15377817,"https://www.airbnb.com/rooms/15377817",9,"$38","Entire home/apt",TRUE,TRUE,TRUE,TRUE,TRUE,FALSE,FALSE,FALSE,TRUE,FALSE,FALSE,FALSE,FALSE,TRUE,FALSE,FALSE,FALSE,FALSE,FALSE,TRUE,FALSE,FALSE,FALSE,TRUE,TRUE,TRUE,FALSE,FALSE,TRUE,TRUE
"100","True",9,2,10,11,-81.3078390471312,3,89,28.4620887516421,6507148,4.5,121,"Real Bed",10,9,94,2518630,"https://www.airbnb.com/rooms/2518630",0,"$89","Private room",TRUE,FALSE,TRUE,TRUE,TRUE,TRUE,TRUE,FALSE,TRUE,FALSE,FALSE,FALSE,TRUE,TRUE,TRUE,TRUE,FALSE,FALSE,TRUE,TRUE,TRUE,TRUE,TRUE,TRUE,TRUE,FALSE,FALSE,FALSE,FALSE,FALSE
"101","False",10,2,10,7,-81.356875141358,3,59,28.5577482559044,62001676,5,67,"Real Bed",10,10,98,11675391,"https://www.airbnb.com/rooms/11675391",0,"$59","Entire home/apt",TRUE,FALSE,TRUE,TRUE,TRUE,FALSE,FALSE,FALSE,TRUE,FALSE,FALSE,FALSE,FALSE,FALSE,FALSE,FALSE,FALSE,FALSE,FALSE,FALSE,FALSE,FALSE,FALSE,TRUE,TRUE,TRUE,FALSE,FALSE,TRUE,FALSE
"102","True",10,2,10,12,-81.3431004399613,4,75,28.5106051389415,66038610,5,20,"Real Bed",10,10,98,12814714,"https://www.airbnb.com/rooms/12814714",25,"$75","Entire home/apt",TRUE,FALSE,TRUE,TRUE,TRUE,FALSE,FALSE,TRUE,TRUE,FALSE,FALSE,FALSE,FALSE,FALSE,FALSE,FALSE,FALSE,FALSE,TRUE,FALSE,FALSE,FALSE,FALSE,TRUE,TRUE,TRUE,FALSE,TRUE,TRUE,FALSE
"103","False",10,2,9,3,-81.2015747252011,4,30,28.5429791728226,23543168,5,80,"Real Bed",10,10,97,5229357,"https://www.airbnb.com/rooms/5229357",0,"$30","Private room",TRUE,FALSE,TRUE,TRUE,TRUE,FALSE,FALSE,TRUE,TRUE,TRUE,FALSE,FALSE,FALSE,FALSE,FALSE,FALSE,FALSE,FALSE,TRUE,TRUE,FALSE,TRUE,TRUE,TRUE,TRUE,TRUE,TRUE,TRUE,TRUE,FALSE
"104","True",9,2,8,5,-81.4726473921331,4,33,28.5346788991815,40746699,4.5,38,"Real Bed",9,10,89,10810252,"https://www.airbnb.com/rooms/10810252",10,"$33","Private room",TRUE,TRUE,TRUE,TRUE,TRUE,FALSE,TRUE,TRUE,TRUE,FALSE,TRUE,FALSE,FALSE,FALSE,FALSE,FALSE,FALSE,FALSE,TRUE,TRUE,TRUE,TRUE,TRUE,TRUE,TRUE,FALSE,FALSE,TRUE,TRUE,FALSE
"105","True",10,2,10,6,-81.4763103669135,5,29,28.4010702893969,7269816,4.5,20,"Real Bed",9,9,94,10176024,"https://www.airbnb.com/rooms/10176024",25,"$29","Private room",FALSE,FALSE,FALSE,TRUE,TRUE,FALSE,TRUE,FALSE,TRUE,FALSE,FALSE,FALSE,FALSE,FALSE,FALSE,FALSE,FALSE,FALSE,TRUE,FALSE,FALSE,TRUE,TRUE,FALSE,FALSE,FALSE,FALSE,FALSE,FALSE,FALSE
"106","True",10,2,9,9,-81.4318555851029,5,37,28.485163145096,47711832,5,58,"Real Bed",10,10,95,9773003,"https://www.airbnb.com/rooms/9773003",35,"$37","Private room",TRUE,TRUE,TRUE,TRUE,TRUE,FALSE,TRUE,TRUE,TRUE,FALSE,FALSE,TRUE,TRUE,FALSE,FALSE,TRUE,FALSE,TRUE,TRUE,TRUE,FALSE,TRUE,TRUE,TRUE,TRUE,TRUE,TRUE,TRUE,FALSE,FALSE
"107","True",10,3,10,6,-81.502341581577,5,50,28.3724974546607,86693834,5,21,"Real Bed",10,10,100,14246331,"https://www.airbnb.com/rooms/14246331",0,"$50","Private room",TRUE,FALSE,TRUE,TRUE,TRUE,FALSE,TRUE,FALSE,TRUE,FALSE,FALSE,FALSE,TRUE,FALSE,FALSE,TRUE,FALSE,FALSE,TRUE,TRUE,FALSE,TRUE,TRUE,TRUE,TRUE,TRUE,TRUE,TRUE,FALSE,FALSE
"108","False",10,2,9,12,-81.3301639950351,4,80,28.5062721355968,71841088,5,15,"Real Bed",10,10,95,13370127,"https://www.airbnb.com/rooms/13370127",30,"$80","Entire home/apt",TRUE,TRUE,TRUE,TRUE,TRUE,FALSE,TRUE,TRUE,TRUE,FALSE,FALSE,FALSE,TRUE,FALSE,FALSE,FALSE,TRUE,TRUE,TRUE,TRUE,FALSE,TRUE,TRUE,TRUE,TRUE,TRUE,TRUE,TRUE,TRUE,FALSE
"109","True",9,3,9,5,-81.4484409377285,5,30,28.4560577547338,84357096,4,17,"Real Bed",10,10,84,14058413,"https://www.airbnb.com/rooms/14058413",10,"$30","Private room",TRUE,FALSE,TRUE,TRUE,TRUE,FALSE,FALSE,TRUE,TRUE,FALSE,FALSE,FALSE,FALSE,FALSE,FALSE,FALSE,FALSE,FALSE,TRUE,TRUE,FALSE,TRUE,TRUE,TRUE,FALSE,FALSE,FALSE,FALSE,FALSE,FALSE
"110","False",10,2,10,7,-81.3497501545589,5,49,28.5056439170069,9570236,5,33,"Real Bed",10,10,99,4484962,"https://www.airbnb.com/rooms/4484962",10,"$49","Private room",TRUE,TRUE,TRUE,TRUE,TRUE,FALSE,FALSE,TRUE,TRUE,FALSE,FALSE,FALSE,FALSE,FALSE,FALSE,FALSE,FALSE,FALSE,TRUE,TRUE,FALSE,TRUE,TRUE,TRUE,TRUE,FALSE,FALSE,FALSE,FALSE,FALSE
"111","False",10,4,10,5,-81.277480033677,5,42,28.5054406902121,23709943,5,80,"Real Bed",10,10,95,4573966,"https://www.airbnb.com/rooms/4573966",0,"$42","Private room",TRUE,TRUE,TRUE,TRUE,TRUE,FALSE,FALSE,TRUE,TRUE,FALSE,FALSE,FALSE,FALSE,FALSE,FALSE,FALSE,FALSE,FALSE,TRUE,TRUE,FALSE,FALSE,FALSE,TRUE,TRUE,FALSE,FALSE,FALSE,TRUE,FALSE
"112","False",10,2,10,4,-81.2512988432755,5,39,28.4268613496625,22157514,5,43,"Real Bed",10,10,96,4268200,"https://www.airbnb.com/rooms/4268200",0,"$39","Private room",TRUE,TRUE,TRUE,TRUE,TRUE,FALSE,TRUE,TRUE,TRUE,FALSE,FALSE,FALSE,TRUE,FALSE,FALSE,FALSE,FALSE,FALSE,TRUE,TRUE,FALSE,TRUE,TRUE,TRUE,FALSE,FALSE,FALSE,TRUE,FALSE,FALSE
"113","False",10,6,10,9,-81.4352159795353,5,53,28.5167443259029,22068201,4.5,102,"Real Bed",10,10,93,4258655,"https://www.airbnb.com/rooms/4258655",20,"$53","Entire home/apt",TRUE,TRUE,TRUE,TRUE,TRUE,FALSE,FALSE,TRUE,TRUE,FALSE,FALSE,FALSE,FALSE,FALSE,FALSE,FALSE,FALSE,FALSE,TRUE,TRUE,FALSE,FALSE,FALSE,TRUE,TRUE,FALSE,FALSE,FALSE,TRUE,FALSE
"114","False",9,5,8,15,-81.4679427941487,5,79,28.4557786735474,45392750,4.5,42,"Real Bed",9,9,85,8631053,"https://www.airbnb.com/rooms/8631053",48,"$79","Entire home/apt",TRUE,FALSE,TRUE,TRUE,TRUE,TRUE,TRUE,TRUE,TRUE,FALSE,FALSE,FALSE,TRUE,FALSE,TRUE,TRUE,FALSE,FALSE,TRUE,TRUE,FALSE,TRUE,TRUE,TRUE,TRUE,FALSE,FALSE,FALSE,FALSE,FALSE
"115","False",9,2,9,5,-81.4471433846702,3,40,28.4853532067757,25426487,4.5,16,"Real Bed",10,9,91,11156802,"https://www.airbnb.com/rooms/11156802",0,"$40","Private room",FALSE,FALSE,TRUE,TRUE,TRUE,FALSE,TRUE,TRUE,TRUE,FALSE,FALSE,FALSE,FALSE,FALSE,FALSE,FALSE,FALSE,FALSE,TRUE,TRUE,FALSE,FALSE,FALSE,FALSE,FALSE,FALSE,TRUE,TRUE,TRUE,FALSE
"116","True",9,4,9,10,-81.4066524516712,5,40,28.490076374569,34565734,4.5,23,"Real Bed",9,9,88,13136130,"https://www.airbnb.com/rooms/13136130",45,"$40","Entire home/apt",TRUE,FALSE,TRUE,TRUE,TRUE,FALSE,TRUE,TRUE,TRUE,TRUE,FALSE,FALSE,TRUE,FALSE,FALSE,FALSE,FALSE,FALSE,TRUE,TRUE,FALSE,FALSE,FALSE,TRUE,TRUE,FALSE,FALSE,FALSE,TRUE,FALSE
"117","False",10,2,10,8,-81.4672001395112,5,45,28.4559550750666,54070622,5,5,"Real Bed",10,10,100,14730835,"https://www.airbnb.com/rooms/14730835",20,"$45","Private room",TRUE,FALSE,TRUE,TRUE,TRUE,FALSE,TRUE,TRUE,TRUE,FALSE,FALSE,FALSE,TRUE,FALSE,TRUE,TRUE,FALSE,FALSE,TRUE,FALSE,FALSE,TRUE,TRUE,TRUE,TRUE,TRUE,TRUE,TRUE,TRUE,FALSE
"118","False",10,4,10,5,-81.5010286998078,4,30,28.6029749136053,2827865,5,8,"Real Bed",10,10,100,14789561,"https://www.airbnb.com/rooms/14789561",10,"$30","Private room",TRUE,TRUE,TRUE,TRUE,TRUE,FALSE,TRUE,TRUE,TRUE,FALSE,FALSE,FALSE,FALSE,FALSE,FALSE,FALSE,FALSE,FALSE,TRUE,TRUE,FALSE,TRUE,TRUE,TRUE,TRUE,TRUE,TRUE,TRUE,TRUE,FALSE
"119","True",10,4,9,14,-81.4674592211706,5,79,28.4568844094697,12694264,4.5,91,"Real Bed",10,10,93,6239358,"https://www.airbnb.com/rooms/6239358",35,"$79","Entire home/apt",TRUE,TRUE,FALSE,TRUE,TRUE,FALSE,TRUE,TRUE,TRUE,FALSE,FALSE,FALSE,TRUE,FALSE,TRUE,TRUE,FALSE,FALSE,TRUE,TRUE,TRUE,TRUE,TRUE,TRUE,TRUE,TRUE,TRUE,TRUE,TRUE,FALSE
"120","False",10,2,9,9,-81.3699163525308,3,72,28.5005592450819,2842583,5,147,"Real Bed",10,10,96,702886,"https://www.airbnb.com/rooms/702886",0,"$72","Private room",TRUE,TRUE,TRUE,TRUE,TRUE,FALSE,TRUE,TRUE,TRUE,TRUE,FALSE,FALSE,FALSE,FALSE,FALSE,FALSE,TRUE,FALSE,TRUE,TRUE,FALSE,TRUE,TRUE,TRUE,TRUE,FALSE,FALSE,FALSE,FALSE,FALSE
"121","True",10,6,9,13,-81.4622662987185,4,80,28.3975701673,23399686,4.5,91,"Real Bed",9,10,92,4520607,"https://www.airbnb.com/rooms/4520607",30,"$80","Entire home/apt",TRUE,TRUE,FALSE,TRUE,TRUE,TRUE,TRUE,TRUE,TRUE,FALSE,FALSE,FALSE,TRUE,FALSE,TRUE,FALSE,FALSE,FALSE,TRUE,TRUE,FALSE,TRUE,TRUE,TRUE,TRUE,TRUE,TRUE,TRUE,FALSE,FALSE
"122","False",10,2,10,8,-81.4533023810939,3,48,28.4972267225953,97550466,5,3,"Real Bed",10,10,100,15340807,"https://www.airbnb.com/rooms/15340807",20,"$48","Private room",TRUE,FALSE,TRUE,TRUE,TRUE,FALSE,TRUE,TRUE,TRUE,FALSE,FALSE,FALSE,FALSE,TRUE,FALSE,FALSE,FALSE,FALSE,TRUE,TRUE,FALSE,TRUE,TRUE,TRUE,TRUE,TRUE,TRUE,TRUE,TRUE,FALSE
"123","False",10,2,10,7,-81.3412667905773,5,49,28.5062145685611,9570236,5,34,"Real Bed",10,10,100,4662930,"https://www.airbnb.com/rooms/4662930",10,"$49","Private room",TRUE,TRUE,TRUE,TRUE,TRUE,FALSE,FALSE,TRUE,TRUE,FALSE,FALSE,FALSE,FALSE,FALSE,FALSE,FALSE,TRUE,FALSE,TRUE,TRUE,FALSE,TRUE,TRUE,TRUE,TRUE,FALSE,FALSE,FALSE,FALSE,FALSE
"124","True",10,1,10,2,-81.3754402631845,3,26,28.3183659705901,49553604,5,22,"Real Bed",10,10,97,9578312,"https://www.airbnb.com/rooms/9578312",8,"$26","Private room",FALSE,FALSE,TRUE,FALSE,TRUE,FALSE,FALSE,TRUE,TRUE,FALSE,FALSE,FALSE,FALSE,FALSE,FALSE,FALSE,FALSE,FALSE,TRUE,TRUE,FALSE,TRUE,TRUE,TRUE,FALSE,FALSE,FALSE,FALSE,FALSE,FALSE
"126","True",10,2,10,6,-81.4419838352255,4,36,28.4791335778249,60151310,5,25,"Real Bed",10,10,96,14029544,"https://www.airbnb.com/rooms/14029544",15,"$36","Private room",TRUE,TRUE,TRUE,TRUE,TRUE,FALSE,TRUE,TRUE,TRUE,FALSE,FALSE,FALSE,FALSE,FALSE,FALSE,TRUE,FALSE,FALSE,TRUE,FALSE,FALSE,TRUE,TRUE,TRUE,FALSE,TRUE,FALSE,TRUE,FALSE,FALSE
"127","True",10,3,9,4,-81.4345572384523,5,24,28.5164294397125,22068201,4.5,74,"Real Bed",9,10,89,6966666,"https://www.airbnb.com/rooms/6966666",10,"$24","Private room",TRUE,FALSE,TRUE,TRUE,TRUE,TRUE,FALSE,FALSE,TRUE,FALSE,FALSE,FALSE,FALSE,FALSE,FALSE,FALSE,FALSE,FALSE,TRUE,TRUE,FALSE,TRUE,TRUE,TRUE,TRUE,FALSE,FALSE,FALSE,FALSE,FALSE
"128","True",10,12,9,28,-81.3877884426104,5,99,28.4611991525787,48066770,4.5,39,"Real Bed",10,10,93,9253782,"https://www.airbnb.com/rooms/9253782",125,"$99","Entire home/apt",TRUE,TRUE,TRUE,TRUE,TRUE,FALSE,TRUE,TRUE,TRUE,FALSE,FALSE,FALSE,FALSE,FALSE,FALSE,TRUE,FALSE,FALSE,TRUE,TRUE,TRUE,TRUE,TRUE,TRUE,TRUE,TRUE,TRUE,TRUE,TRUE,FALSE
"130","False",9,4,9,9,-81.470151256505,3,54,28.4888020312137,65292931,5,9,"Real Bed",10,10,96,14231045,"https://www.airbnb.com/rooms/14231045",25,"$54","Private room",TRUE,FALSE,FALSE,TRUE,TRUE,FALSE,TRUE,TRUE,TRUE,TRUE,TRUE,FALSE,FALSE,FALSE,FALSE,FALSE,FALSE,FALSE,FALSE,TRUE,FALSE,TRUE,TRUE,TRUE,TRUE,TRUE,FALSE,TRUE,FALSE,FALSE
"131","False",10,2,9,5,-81.3544955391591,3,35,28.5566752039855,23780144,5,21,"Real Bed",10,10,96,9589151,"https://www.airbnb.com/rooms/9589151",10,"$35","Private room",TRUE,FALSE,TRUE,TRUE,TRUE,FALSE,FALSE,TRUE,TRUE,TRUE,TRUE,FALSE,TRUE,FALSE,FALSE,FALSE,FALSE,FALSE,TRUE,TRUE,TRUE,TRUE,FALSE,TRUE,FALSE,FALSE,FALSE,TRUE,TRUE,FALSE
"132","True",10,2,9,7,-81.4515392371322,5,35,28.3698216712436,33245081,5,4,"Real Bed",10,10,100,14841509,"https://www.airbnb.com/rooms/14841509",25,"$35","Private room",TRUE,FALSE,FALSE,TRUE,TRUE,FALSE,TRUE,TRUE,TRUE,FALSE,FALSE,FALSE,FALSE,TRUE,FALSE,FALSE,FALSE,FALSE,TRUE,TRUE,FALSE,TRUE,TRUE,TRUE,TRUE,FALSE,FALSE,FALSE,FALSE,FALSE
"133","True",10,3,9,14,-81.4078587290086,5,75,28.5818581780738,56824797,5,17,"Real Bed",10,10,95,13479772,"https://www.airbnb.com/rooms/13479772",40,"$75","Entire home/apt",TRUE,FALSE,TRUE,TRUE,TRUE,FALSE,FALSE,TRUE,TRUE,FALSE,TRUE,FALSE,FALSE,FALSE,FALSE,FALSE,FALSE,FALSE,TRUE,TRUE,FALSE,TRUE,TRUE,TRUE,TRUE,FALSE,FALSE,FALSE,FALSE,FALSE
"134","True",10,1,10,0,-81.3797732680978,4,40,28.5387068883537,84348136,4.5,3,"Real Bed",9,10,93,15597989,"https://www.airbnb.com/rooms/15597989",0,"$40","Private room",FALSE,FALSE,TRUE,TRUE,TRUE,FALSE,FALSE,FALSE,TRUE,FALSE,FALSE,FALSE,TRUE,FALSE,FALSE,FALSE,FALSE,FALSE,TRUE,TRUE,FALSE,TRUE,TRUE,FALSE,TRUE,TRUE,TRUE,FALSE,TRUE,FALSE
"135","False",10,2,8,8,-81.4950823297457,3,40,28.4612182423385,25596474,4,3,"Real Bed",9,10,80,15444376,"https://www.airbnb.com/rooms/15444376",30,"$40","Private room",TRUE,TRUE,TRUE,TRUE,TRUE,FALSE,TRUE,TRUE,TRUE,FALSE,FALSE,FALSE,FALSE,FALSE,FALSE,FALSE,FALSE,FALSE,TRUE,TRUE,FALSE,FALSE,FALSE,TRUE,TRUE,TRUE,TRUE,TRUE,FALSE,FALSE
"136","False",9,3,9,13,-81.4423302277933,5,61,28.4884815953714,33365401,4.5,53,"Real Bed",9,9,85,6399427,"https://www.airbnb.com/rooms/6399427",50,"$61","Entire home/apt",TRUE,FALSE,TRUE,TRUE,TRUE,FALSE,TRUE,TRUE,TRUE,FALSE,FALSE,FALSE,FALSE,FALSE,FALSE,FALSE,FALSE,FALSE,TRUE,TRUE,FALSE,TRUE,TRUE,TRUE,TRUE,FALSE,FALSE,FALSE,FALSE,FALSE
"137","True",8,3,7,5,-81.4495826675229,5,30,28.4545622833292,84357096,3.5,22,"Real Bed",8,8,74,14057857,"https://www.airbnb.com/rooms/14057857",10,"$30","Private room",TRUE,FALSE,TRUE,TRUE,TRUE,FALSE,FALSE,TRUE,TRUE,FALSE,FALSE,FALSE,FALSE,FALSE,FALSE,FALSE,FALSE,FALSE,TRUE,TRUE,FALSE,TRUE,TRUE,TRUE,TRUE,FALSE,FALSE,FALSE,FALSE,FALSE
"138","False",10,4,8,12,-81.4659690260154,5,69,28.45741271519,5472668,4,10,"Real Bed",8,10,78,6336711,"https://www.airbnb.com/rooms/6336711",30,"$69","Entire home/apt",TRUE,TRUE,TRUE,TRUE,TRUE,FALSE,TRUE,TRUE,TRUE,FALSE,FALSE,TRUE,TRUE,TRUE,TRUE,TRUE,FALSE,FALSE,TRUE,TRUE,FALSE,TRUE,TRUE,TRUE,TRUE,FALSE,FALSE,FALSE,FALSE,FALSE
"139","False",10,2,10,6,-81.3565325063409,3,50,28.3605753505028,20976350,5,21,"Real Bed",10,10,100,7761254,"https://www.airbnb.com/rooms/7761254",0,"$50","Private room",TRUE,FALSE,TRUE,TRUE,TRUE,FALSE,TRUE,TRUE,TRUE,FALSE,FALSE,FALSE,FALSE,TRUE,FALSE,FALSE,FALSE,FALSE,TRUE,FALSE,FALSE,TRUE,TRUE,TRUE,TRUE,TRUE,TRUE,TRUE,FALSE,FALSE
"140","False",10,2,10,6,-81.3564344786854,5,55,28.5609964049036,5098454,5,61,"Real Bed",10,10,97,5393963,"https://www.airbnb.com/rooms/5393963",0,"$55","Private room",FALSE,FALSE,TRUE,TRUE,TRUE,FALSE,FALSE,TRUE,TRUE,TRUE,FALSE,FALSE,FALSE,TRUE,FALSE,FALSE,FALSE,FALSE,TRUE,TRUE,FALSE,TRUE,FALSE,TRUE,TRUE,TRUE,TRUE,TRUE,TRUE,FALSE
"141","False",10,2,10,16,-81.324995623553,5,85,28.5590219874192,1617698,5,58,"Real Bed",10,10,97,688447,"https://www.airbnb.com/rooms/688447",50,"$85","Entire home/apt",TRUE,TRUE,TRUE,TRUE,TRUE,FALSE,FALSE,TRUE,TRUE,FALSE,FALSE,FALSE,FALSE,FALSE,FALSE,FALSE,FALSE,FALSE,TRUE,FALSE,FALSE,TRUE,TRUE,TRUE,TRUE,TRUE,TRUE,TRUE,TRUE,TRUE
"142","False",10,2,10,8,-81.4901500376519,4,49,28.4206876346127,3746935,5,36,"Real Bed",10,10,97,4941224,"https://www.airbnb.com/rooms/4941224",15,"$49","Private room",TRUE,FALSE,TRUE,TRUE,TRUE,FALSE,TRUE,TRUE,TRUE,FALSE,FALSE,FALSE,FALSE,FALSE,FALSE,FALSE,FALSE,FALSE,TRUE,TRUE,FALSE,TRUE,TRUE,TRUE,TRUE,TRUE,TRUE,TRUE,TRUE,FALSE
"143","False",10,2,10,3,-81.4395258174119,3,45,28.3269618475426,44066079,5,53,"Real Bed",10,10,99,8365967,"https://www.airbnb.com/rooms/8365967",10,"$45","Private room",TRUE,FALSE,TRUE,TRUE,TRUE,FALSE,TRUE,FALSE,TRUE,FALSE,FALSE,FALSE,FALSE,FALSE,FALSE,FALSE,FALSE,FALSE,TRUE,TRUE,FALSE,TRUE,TRUE,TRUE,TRUE,TRUE,TRUE,TRUE,TRUE,FALSE
"145","True",9,4,9,5,-81.377309469083,5,35,28.4806841792418,11812268,4.5,90,"Real Bed",9,10,90,6729531,"https://www.airbnb.com/rooms/6729531",10,"$35","Private room",FALSE,FALSE,FALSE,TRUE,TRUE,FALSE,FALSE,TRUE,TRUE,FALSE,FALSE,FALSE,FALSE,FALSE,FALSE,FALSE,FALSE,FALSE,TRUE,TRUE,FALSE,FALSE,FALSE,FALSE,TRUE,FALSE,FALSE,FALSE,FALSE,FALSE
"146","False",10,5,10,12,-81.3606377790507,5,80,28.5586729187141,12772823,5,19,"Real Bed",10,10,100,13827592,"https://www.airbnb.com/rooms/13827592",20,"$80","Entire home/apt",TRUE,TRUE,TRUE,TRUE,TRUE,FALSE,FALSE,TRUE,TRUE,FALSE,FALSE,FALSE,FALSE,FALSE,FALSE,FALSE,FALSE,FALSE,TRUE,TRUE,FALSE,FALSE,FALSE,TRUE,TRUE,TRUE,FALSE,FALSE,TRUE,FALSE
"147","False",10,2,10,14,-81.4650673216568,4,65,28.4199010217393,9932210,4.5,7,"Real Bed",9,10,94,13590117,"https://www.airbnb.com/rooms/13590117",55,"$65","Private room",TRUE,TRUE,TRUE,TRUE,TRUE,FALSE,TRUE,TRUE,TRUE,FALSE,FALSE,FALSE,TRUE,TRUE,TRUE,FALSE,FALSE,FALSE,TRUE,FALSE,FALSE,TRUE,TRUE,TRUE,TRUE,TRUE,TRUE,TRUE,TRUE,FALSE
"148","False",10,1,10,4,-81.3415413671933,5,32,28.5271663229617,68221743,5,4,"Real Bed",10,10,100,12579628,"https://www.airbnb.com/rooms/12579628",0,"$32","Private room",TRUE,TRUE,TRUE,TRUE,TRUE,FALSE,FALSE,TRUE,TRUE,FALSE,FALSE,FALSE,FALSE,FALSE,FALSE,FALSE,FALSE,FALSE,TRUE,TRUE,FALSE,TRUE,TRUE,TRUE,TRUE,TRUE,TRUE,TRUE,TRUE,FALSE
"149","True",10,2,9,7,-81.3674059741363,5,50,28.5539138063144,12020892,5,20,"Real Bed",10,10,97,14384454,"https://www.airbnb.com/rooms/14384454",10,"$50","Private room",TRUE,FALSE,TRUE,TRUE,TRUE,FALSE,FALSE,TRUE,TRUE,FALSE,TRUE,FALSE,FALSE,TRUE,FALSE,FALSE,FALSE,FALSE,TRUE,TRUE,FALSE,TRUE,TRUE,TRUE,TRUE,TRUE,TRUE,TRUE,TRUE,FALSE
"150","False",10,2,10,7,-81.355636768328,3,50,28.5285658909446,20391994,5,179,"Real Bed",10,10,97,3935765,"https://www.airbnb.com/rooms/3935765",10,"$50","Entire home/apt",TRUE,FALSE,FALSE,TRUE,TRUE,FALSE,FALSE,TRUE,TRUE,FALSE,FALSE,FALSE,FALSE,FALSE,FALSE,FALSE,FALSE,FALSE,TRUE,FALSE,FALSE,FALSE,FALSE,TRUE,FALSE,FALSE,FALSE,FALSE,FALSE,FALSE
"151","False",10,4,10,7,-81.3299833348318,5,58,28.3584187162401,35961068,5,102,"Real Bed",10,10,98,6862489,"https://www.airbnb.com/rooms/6862489",0,"$58","Private room",TRUE,FALSE,TRUE,TRUE,TRUE,FALSE,TRUE,FALSE,TRUE,FALSE,FALSE,FALSE,TRUE,FALSE,FALSE,FALSE,FALSE,FALSE,TRUE,TRUE,FALSE,FALSE,FALSE,TRUE,FALSE,FALSE,FALSE,FALSE,FALSE,FALSE
"152","False",10,6,10,23,-81.446885372328,5,120,28.4263301695252,20012623,5,10,"Real Bed",10,10,98,11100719,"https://www.airbnb.com/rooms/11100719",70,"$120","Entire home/apt",TRUE,TRUE,TRUE,TRUE,TRUE,FALSE,TRUE,TRUE,TRUE,FALSE,FALSE,FALSE,TRUE,FALSE,TRUE,TRUE,FALSE,FALSE,TRUE,TRUE,FALSE,TRUE,TRUE,TRUE,TRUE,TRUE,TRUE,TRUE,TRUE,FALSE
"153","False",10,3,10,15,-81.3812194063113,4,86,28.5310448601154,6271744,5,85,"Real Bed",10,10,96,8830742,"https://www.airbnb.com/rooms/8830742",35,"$86","Entire home/apt",TRUE,FALSE,TRUE,TRUE,TRUE,FALSE,FALSE,TRUE,TRUE,FALSE,FALSE,FALSE,FALSE,FALSE,FALSE,FALSE,FALSE,FALSE,TRUE,FALSE,FALSE,FALSE,FALSE,TRUE,FALSE,TRUE,TRUE,TRUE,TRUE,FALSE
"154","True",9,2,9,6,-81.2674321059857,4,50,28.4733221481041,70174634,4.5,44,"Real Bed",9,9,92,12847725,"https://www.airbnb.com/rooms/12847725",0,"$50","Private room",TRUE,FALSE,TRUE,TRUE,TRUE,TRUE,TRUE,TRUE,TRUE,FALSE,TRUE,FALSE,TRUE,FALSE,FALSE,TRUE,FALSE,FALSE,FALSE,TRUE,FALSE,TRUE,TRUE,TRUE,TRUE,TRUE,TRUE,TRUE,FALSE,FALSE
"155","False",10,2,10,6,-81.3569794546654,3,50,28.3597010900103,20976350,5,34,"Real Bed",10,10,99,6926216,"https://www.airbnb.com/rooms/6926216",0,"$50","Private room",TRUE,FALSE,TRUE,TRUE,TRUE,FALSE,TRUE,TRUE,TRUE,FALSE,FALSE,FALSE,FALSE,TRUE,FALSE,FALSE,FALSE,FALSE,TRUE,FALSE,FALSE,TRUE,TRUE,TRUE,TRUE,TRUE,TRUE,TRUE,FALSE,FALSE
"156","False",10,2,10,6,-81.4471832562735,3,48,28.4889086350403,4438338,5,37,"Real Bed",10,10,98,12174154,"https://www.airbnb.com/rooms/12174154",0,"$48","Private room",TRUE,FALSE,TRUE,TRUE,TRUE,FALSE,TRUE,TRUE,TRUE,FALSE,FALSE,FALSE,FALSE,TRUE,FALSE,FALSE,FALSE,FALSE,TRUE,TRUE,FALSE,TRUE,TRUE,TRUE,TRUE,TRUE,TRUE,TRUE,TRUE,FALSE
"157","False",10,2,10,6,-81.4769093764514,4,55,28.4350839121038,24477410,5,77,"Real Bed",10,10,99,5578581,"https://www.airbnb.com/rooms/5578581",0,"$55","Private room",TRUE,TRUE,TRUE,TRUE,TRUE,TRUE,TRUE,TRUE,TRUE,FALSE,FALSE,FALSE,FALSE,FALSE,FALSE,FALSE,FALSE,FALSE,TRUE,FALSE,FALSE,TRUE,TRUE,TRUE,TRUE,TRUE,TRUE,TRUE,TRUE,FALSE
"158","True",9,6,10,35,-81.4873244115257,5,140,28.5204286245495,33121566,4.5,5,"Real Bed",10,10,92,13185635,"https://www.airbnb.com/rooms/13185635",140,"$140","Entire home/apt",TRUE,TRUE,FALSE,TRUE,TRUE,FALSE,FALSE,TRUE,TRUE,FALSE,FALSE,FALSE,FALSE,FALSE,FALSE,FALSE,FALSE,FALSE,TRUE,TRUE,FALSE,TRUE,TRUE,TRUE,FALSE,FALSE,FALSE,FALSE,TRUE,FALSE
"159","True",9,4,9,11,-81.405524930865,3,55,28.502267648045,34876172,4,31,"Real Bed",9,9,83,11513372,"https://www.airbnb.com/rooms/11513372",39,"$55","Entire home/apt",TRUE,FALSE,TRUE,TRUE,TRUE,FALSE,FALSE,TRUE,TRUE,FALSE,TRUE,FALSE,FALSE,FALSE,FALSE,FALSE,TRUE,FALSE,TRUE,TRUE,FALSE,TRUE,TRUE,TRUE,TRUE,FALSE,FALSE,FALSE,FALSE,FALSE
"160","False",9,5,9,22,-81.4672392132722,4,100,28.5255113709027,13440704,5,57,"Real Bed",10,10,96,2624269,"https://www.airbnb.com/rooms/2624269",79,"$100","Entire home/apt",TRUE,TRUE,TRUE,TRUE,TRUE,TRUE,TRUE,TRUE,TRUE,FALSE,FALSE,FALSE,TRUE,FALSE,FALSE,FALSE,FALSE,FALSE,FALSE,TRUE,FALSE,TRUE,TRUE,TRUE,FALSE,FALSE,FALSE,FALSE,FALSE,FALSE
"161","False",10,1,10,6,-81.5000087155973,4,40,28.4447876383117,7299833,5,41,"Real Bed",10,10,100,4812720,"https://www.airbnb.com/rooms/4812720",10,"$40","Private room",TRUE,TRUE,TRUE,TRUE,TRUE,FALSE,FALSE,FALSE,TRUE,FALSE,FALSE,FALSE,FALSE,FALSE,FALSE,FALSE,TRUE,FALSE,TRUE,TRUE,FALSE,FALSE,FALSE,FALSE,TRUE,TRUE,TRUE,FALSE,FALSE,FALSE
"162","False",9,2,9,8,-81.4719719197891,5,42,28.3951085815409,45392750,4.5,20,"Real Bed",9,9,90,8655582,"https://www.airbnb.com/rooms/8655582",27,"$42","Private room",FALSE,FALSE,FALSE,TRUE,TRUE,FALSE,TRUE,TRUE,TRUE,FALSE,FALSE,FALSE,TRUE,FALSE,FALSE,TRUE,FALSE,FALSE,TRUE,FALSE,FALSE,FALSE,FALSE,TRUE,FALSE,FALSE,FALSE,FALSE,FALSE,FALSE
"163","True",10,2,10,5,-81.4399909477341,5,41,28.4897444917625,19811395,5,30,"Real Bed",10,10,99,14368700,"https://www.airbnb.com/rooms/14368700",0,"$41","Private room",FALSE,FALSE,TRUE,TRUE,TRUE,FALSE,FALSE,TRUE,TRUE,FALSE,FALSE,FALSE,FALSE,FALSE,FALSE,FALSE,FALSE,FALSE,TRUE,FALSE,FALSE,FALSE,TRUE,TRUE,TRUE,TRUE,TRUE,TRUE,FALSE,FALSE
"164","False",10,2,10,7,-81.3783493634096,5,49,28.5380085442783,53226507,5,15,"Real Bed",10,10,99,14090712,"https://www.airbnb.com/rooms/14090712",15,"$49","Private room",TRUE,FALSE,TRUE,TRUE,TRUE,FALSE,TRUE,TRUE,TRUE,FALSE,FALSE,FALSE,FALSE,FALSE,FALSE,FALSE,TRUE,FALSE,TRUE,FALSE,FALSE,TRUE,TRUE,FALSE,FALSE,TRUE,TRUE,TRUE,TRUE,FALSE
"165","True",10,2,10,8,-81.3578952682108,5,45,28.3685137296353,19252736,5,54,"Real Bed",10,10,99,3760665,"https://www.airbnb.com/rooms/3760665",20,"$45","Private room",TRUE,TRUE,TRUE,TRUE,TRUE,FALSE,TRUE,FALSE,TRUE,FALSE,FALSE,FALSE,FALSE,FALSE,FALSE,FALSE,FALSE,FALSE,TRUE,TRUE,FALSE,TRUE,TRUE,TRUE,TRUE,TRUE,TRUE,TRUE,TRUE,FALSE
"166","True",10,2,10,5,-81.3659454482436,3,46,28.396489666329,31074995,4.5,72,"Real Bed",10,10,94,5985369,"https://www.airbnb.com/rooms/5985369",0,"$46","Private room",FALSE,FALSE,TRUE,FALSE,TRUE,FALSE,FALSE,TRUE,FALSE,FALSE,FALSE,FALSE,FALSE,FALSE,FALSE,FALSE,FALSE,FALSE,FALSE,FALSE,FALSE,FALSE,FALSE,FALSE,TRUE,FALSE,TRUE,TRUE,TRUE,FALSE
"167","True",10,2,10,4,-81.3643254661415,3,34,28.3966098120808,31074995,5,51,"Real Bed",10,10,95,6065015,"https://www.airbnb.com/rooms/6065015",0,"$34","Private room",FALSE,FALSE,FALSE,TRUE,FALSE,FALSE,FALSE,TRUE,FALSE,FALSE,FALSE,FALSE,FALSE,FALSE,FALSE,FALSE,FALSE,FALSE,FALSE,TRUE,FALSE,FALSE,FALSE,FALSE,TRUE,FALSE,TRUE,TRUE,TRUE,FALSE
"168","False",10,2,10,3,-81.4033832977744,4,31,28.4831391474806,18144302,5,15,"Real Bed",10,10,99,11551764,"https://www.airbnb.com/rooms/11551764",0,"$31","Private room",TRUE,FALSE,TRUE,TRUE,TRUE,FALSE,TRUE,TRUE,TRUE,TRUE,FALSE,FALSE,TRUE,FALSE,FALSE,FALSE,FALSE,FALSE,TRUE,TRUE,FALSE,TRUE,TRUE,TRUE,TRUE,TRUE,TRUE,TRUE,TRUE,FALSE
"169","False",10,2,10,4,-81.4401169969043,4,38,28.49810742058,27748692,5,45,"Real Bed",10,10,97,12049491,"https://www.airbnb.com/rooms/12049491",0,"$38","Private room",TRUE,FALSE,TRUE,TRUE,TRUE,TRUE,TRUE,TRUE,TRUE,FALSE,FALSE,FALSE,TRUE,FALSE,FALSE,FALSE,FALSE,FALSE,TRUE,FALSE,FALSE,FALSE,FALSE,TRUE,TRUE,FALSE,FALSE,FALSE,FALSE,FALSE
"170","False",10,4,10,6,-81.4969675613142,3,52,28.4641837067148,15194814,5,67,"Real Bed",10,10,99,2998121,"https://www.airbnb.com/rooms/2998121",0,"$52","Private room",TRUE,FALSE,TRUE,TRUE,TRUE,FALSE,FALSE,FALSE,TRUE,FALSE,FALSE,FALSE,FALSE,TRUE,FALSE,FALSE,FALSE,FALSE,TRUE,TRUE,FALSE,FALSE,FALSE,TRUE,TRUE,TRUE,TRUE,FALSE,TRUE,FALSE
"171","False",10,2,10,4,-81.3623121397438,3,35,28.5324882443132,55474735,5,8,"Real Bed",10,10,100,15180172,"https://www.airbnb.com/rooms/15180172",0,"$35","Shared room",TRUE,FALSE,TRUE,TRUE,TRUE,FALSE,FALSE,TRUE,TRUE,FALSE,FALSE,FALSE,FALSE,FALSE,TRUE,FALSE,FALSE,FALSE,TRUE,FALSE,FALSE,FALSE,FALSE,TRUE,TRUE,FALSE,FALSE,FALSE,FALSE,FALSE
"172","True",10,4,10,15,-81.3146090835968,4,75,28.5480174249027,53037070,5,48,"Real Bed",10,10,95,10410056,"https://www.airbnb.com/rooms/10410056",45,"$75","Entire home/apt",TRUE,FALSE,TRUE,TRUE,TRUE,FALSE,FALSE,TRUE,TRUE,FALSE,FALSE,FALSE,FALSE,FALSE,FALSE,FALSE,FALSE,FALSE,TRUE,TRUE,FALSE,FALSE,FALSE,TRUE,TRUE,TRUE,TRUE,TRUE,TRUE,TRUE
"173","False",9,2,9,6,-81.4694937595897,5,50,28.5069193328595,35242247,5,45,"Real Bed",10,9,95,9150261,"https://www.airbnb.com/rooms/9150261",0,"$50","Private room",TRUE,TRUE,TRUE,TRUE,TRUE,FALSE,FALSE,TRUE,TRUE,FALSE,FALSE,FALSE,FALSE,FALSE,FALSE,FALSE,FALSE,TRUE,TRUE,FALSE,FALSE,TRUE,TRUE,TRUE,FALSE,TRUE,TRUE,TRUE,TRUE,FALSE
"174","True",9,2,9,5,-81.4480458046889,5,30,28.4561742316072,84357096,4,14,"Real Bed",9,9,84,14280203,"https://www.airbnb.com/rooms/14280203",10,"$30","Private room",TRUE,FALSE,TRUE,TRUE,TRUE,FALSE,FALSE,TRUE,TRUE,FALSE,FALSE,FALSE,FALSE,FALSE,FALSE,FALSE,FALSE,FALSE,TRUE,TRUE,FALSE,TRUE,TRUE,TRUE,FALSE,FALSE,FALSE,FALSE,FALSE,FALSE
"175","False",10,6,9,25,-81.4457636416213,5,119,28.427494113426,14969779,4.5,36,"Real Bed",10,10,91,4127118,"https://www.airbnb.com/rooms/4127118",85,"$119","Entire home/apt",TRUE,TRUE,TRUE,TRUE,TRUE,FALSE,TRUE,TRUE,TRUE,FALSE,FALSE,FALSE,TRUE,FALSE,TRUE,FALSE,FALSE,FALSE,TRUE,TRUE,FALSE,TRUE,TRUE,TRUE,TRUE,TRUE,TRUE,TRUE,TRUE,FALSE
"176","True",10,1,10,4,-81.4387653475931,4,35,28.4991413604555,42922331,5,11,"Pull-out Sofa",10,10,100,8720182,"https://www.airbnb.com/rooms/8720182",0,"$35","Shared room",FALSE,FALSE,FALSE,TRUE,TRUE,FALSE,TRUE,FALSE,TRUE,FALSE,FALSE,FALSE,TRUE,FALSE,FALSE,FALSE,FALSE,FALSE,TRUE,FALSE,FALSE,FALSE,FALSE,FALSE,FALSE,FALSE,FALSE,FALSE,FALSE,FALSE
"177","True",10,2,10,7,-81.4848758210695,4,49,28.4274182666072,64103025,5,20,"Real Bed",10,10,97,11991023,"https://www.airbnb.com/rooms/11991023",10,"$49","Private room",TRUE,TRUE,TRUE,TRUE,TRUE,FALSE,TRUE,TRUE,TRUE,FALSE,FALSE,FALSE,FALSE,FALSE,FALSE,FALSE,TRUE,FALSE,TRUE,TRUE,FALSE,TRUE,TRUE,TRUE,TRUE,TRUE,TRUE,TRUE,TRUE,FALSE
"178","True",10,2,9,5,-81.3643883556373,3,35,28.5535321545176,23780144,4.5,63,"Real Bed",9,10,94,11593151,"https://www.airbnb.com/rooms/11593151",10,"$35","Private room",TRUE,FALSE,TRUE,TRUE,TRUE,FALSE,FALSE,TRUE,TRUE,TRUE,TRUE,FALSE,TRUE,FALSE,FALSE,FALSE,FALSE,FALSE,TRUE,FALSE,TRUE,TRUE,TRUE,TRUE,TRUE,TRUE,FALSE,TRUE,TRUE,FALSE
"179","True",10,2,10,6,-81.4426661592238,4,36,28.4798035287625,60151310,5,20,"Real Bed",10,10,98,14029931,"https://www.airbnb.com/rooms/14029931",15,"$36","Private room",TRUE,TRUE,TRUE,TRUE,TRUE,FALSE,TRUE,TRUE,TRUE,FALSE,FALSE,FALSE,FALSE,FALSE,FALSE,FALSE,FALSE,FALSE,FALSE,FALSE,FALSE,TRUE,TRUE,TRUE,FALSE,TRUE,FALSE,TRUE,FALSE,FALSE
"180","False",10,6,10,22,-81.5014731262451,5,129,28.3891620129169,55300639,5,6,"Real Bed",10,10,100,13932302,"https://www.airbnb.com/rooms/13932302",50,"$129","Entire home/apt",TRUE,FALSE,TRUE,TRUE,TRUE,FALSE,TRUE,TRUE,TRUE,FALSE,FALSE,FALSE,FALSE,TRUE,FALSE,TRUE,FALSE,FALSE,TRUE,TRUE,FALSE,TRUE,TRUE,TRUE,TRUE,TRUE,TRUE,TRUE,TRUE,FALSE
"181","True",9,1,10,3,-81.4372552753198,5,19,28.5200710269697,61879526,5,10,"Real Bed",10,10,98,14138384,"https://www.airbnb.com/rooms/14138384",7,"$19","Shared room",FALSE,FALSE,TRUE,TRUE,TRUE,FALSE,FALSE,TRUE,TRUE,FALSE,FALSE,FALSE,FALSE,FALSE,FALSE,FALSE,FALSE,FALSE,TRUE,TRUE,FALSE,FALSE,FALSE,TRUE,TRUE,TRUE,FALSE,TRUE,FALSE,TRUE
"182","True",10,2,10,6,-81.4284592387217,5,45,28.5126085481529,61879526,4.5,4,"Real Bed",10,10,90,14137855,"https://www.airbnb.com/rooms/14137855",7,"$45","Private room",FALSE,FALSE,TRUE,TRUE,TRUE,FALSE,FALSE,TRUE,TRUE,FALSE,FALSE,FALSE,FALSE,FALSE,FALSE,FALSE,FALSE,FALSE,TRUE,TRUE,FALSE,FALSE,FALSE,TRUE,TRUE,TRUE,FALSE,TRUE,FALSE,TRUE
"183","False",10,2,9,6,-81.5113891547633,3,45,28.5690609422335,5175947,5,53,"Real Bed",10,10,95,975661,"https://www.airbnb.com/rooms/975661",10,"$45","Private room",TRUE,TRUE,TRUE,TRUE,TRUE,FALSE,FALSE,TRUE,TRUE,FALSE,FALSE,FALSE,FALSE,TRUE,FALSE,FALSE,TRUE,FALSE,TRUE,TRUE,FALSE,TRUE,TRUE,FALSE,FALSE,FALSE,FALSE,FALSE,FALSE,FALSE
"184","True",8,3,10,13,-81.4936343699171,4,75,28.4567899100572,26907201,5,3,"Real Bed",9,9,100,14728018,"https://www.airbnb.com/rooms/14728018",30,"$75","Entire home/apt",TRUE,TRUE,TRUE,TRUE,TRUE,FALSE,TRUE,TRUE,TRUE,TRUE,FALSE,FALSE,TRUE,FALSE,FALSE,FALSE,FALSE,FALSE,TRUE,TRUE,FALSE,TRUE,TRUE,TRUE,TRUE,TRUE,TRUE,TRUE,TRUE,FALSE
"185","False",10,5,10,18,-81.4752927186726,5,100,28.415763368771,99665141,5,3,"Real Bed",10,10,100,15511723,"https://www.airbnb.com/rooms/15511723",45,"$100","Entire home/apt",TRUE,TRUE,TRUE,TRUE,TRUE,FALSE,TRUE,TRUE,TRUE,FALSE,FALSE,FALSE,TRUE,FALSE,TRUE,FALSE,TRUE,FALSE,TRUE,TRUE,FALSE,TRUE,TRUE,TRUE,TRUE,TRUE,TRUE,TRUE,FALSE,FALSE
"186","False",10,2,10,5,-81.3680095198169,5,45,28.5112003415359,68310511,5,13,"Real Bed",10,10,97,14575073,"https://www.airbnb.com/rooms/14575073",0,"$45","Private room",TRUE,FALSE,TRUE,TRUE,TRUE,FALSE,TRUE,TRUE,TRUE,FALSE,FALSE,FALSE,TRUE,FALSE,FALSE,FALSE,TRUE,FALSE,FALSE,FALSE,FALSE,TRUE,TRUE,FALSE,TRUE,TRUE,TRUE,TRUE,TRUE,FALSE
"187","True",10,2,10,6,-81.3776862132491,3,49,28.5180452334578,64118947,5,21,"Real Bed",10,10,100,11992709,"https://www.airbnb.com/rooms/11992709",0,"$49","Private room",TRUE,FALSE,TRUE,TRUE,TRUE,FALSE,FALSE,TRUE,TRUE,FALSE,FALSE,FALSE,FALSE,FALSE,FALSE,FALSE,FALSE,FALSE,TRUE,FALSE,FALSE,TRUE,TRUE,TRUE,TRUE,TRUE,TRUE,TRUE,TRUE,FALSE
"188","False",10,4,10,11,-81.3986319163547,4,69,28.5712298496391,89405724,5,4,"Real Bed",10,10,100,15529009,"https://www.airbnb.com/rooms/15529009",25,"$69","Entire home/apt",TRUE,FALSE,TRUE,TRUE,TRUE,FALSE,FALSE,TRUE,TRUE,FALSE,FALSE,FALSE,FALSE,TRUE,FALSE,FALSE,FALSE,FALSE,TRUE,TRUE,FALSE,FALSE,FALSE,TRUE,TRUE,TRUE,TRUE,TRUE,FALSE,TRUE
"189","False",9,2,10,5,-81.4713221861122,5,40,28.5253208149383,54650795,4.5,8,"Airbed",9,9,94,13188072,"https://www.airbnb.com/rooms/13188072",0,"$40","Private room",FALSE,FALSE,TRUE,TRUE,TRUE,FALSE,TRUE,TRUE,TRUE,FALSE,FALSE,FALSE,TRUE,FALSE,FALSE,TRUE,FALSE,FALSE,TRUE,TRUE,FALSE,TRUE,TRUE,TRUE,FALSE,TRUE,FALSE,TRUE,TRUE,FALSE
"190","False",10,2,10,7,-81.4495177982138,3,59,28.4281271344139,5091213,5,43,"Real Bed",10,10,100,6303727,"https://www.airbnb.com/rooms/6303727",0,"$59","Private room",TRUE,FALSE,FALSE,TRUE,TRUE,FALSE,TRUE,TRUE,TRUE,FALSE,TRUE,FALSE,TRUE,FALSE,TRUE,TRUE,FALSE,FALSE,TRUE,TRUE,FALSE,TRUE,TRUE,TRUE,TRUE,FALSE,FALSE,FALSE,FALSE,FALSE
"191","False",10,2,10,6,-81.4475922034602,3,48,28.4917289958069,4438338,5,28,"Real Bed",10,10,99,12021792,"https://www.airbnb.com/rooms/12021792",0,"$48","Private room",TRUE,TRUE,TRUE,TRUE,TRUE,FALSE,TRUE,TRUE,TRUE,FALSE,FALSE,FALSE,FALSE,TRUE,FALSE,FALSE,FALSE,FALSE,TRUE,TRUE,FALSE,TRUE,TRUE,TRUE,TRUE,TRUE,TRUE,TRUE,TRUE,FALSE
"192","False",9,2,9,7,-81.468625115887,5,39,28.3889172100867,33365401,4.5,34,"Real Bed",9,9,86,7264854,"https://www.airbnb.com/rooms/7264854",20,"$39","Private room",TRUE,FALSE,FALSE,TRUE,TRUE,FALSE,TRUE,TRUE,TRUE,FALSE,FALSE,FALSE,FALSE,FALSE,TRUE,FALSE,FALSE,FALSE,TRUE,TRUE,FALSE,TRUE,TRUE,TRUE,TRUE,FALSE,FALSE,FALSE,FALSE,FALSE
"193","True",9,4,9,9,-81.450558654502,5,49,28.3612552126168,33245081,5,22,"Real Bed",10,10,95,13985989,"https://www.airbnb.com/rooms/13985989",25,"$49","Private room",TRUE,FALSE,TRUE,TRUE,TRUE,FALSE,FALSE,TRUE,TRUE,FALSE,FALSE,FALSE,FALSE,TRUE,FALSE,FALSE,FALSE,FALSE,TRUE,TRUE,FALSE,TRUE,TRUE,TRUE,TRUE,FALSE,FALSE,FALSE,FALSE,FALSE
"194","True",10,2,9,4,-81.4885643463892,5,35,28.5070351995024,26734176,4.5,30,"Real Bed",9,9,92,6360549,"https://www.airbnb.com/rooms/6360549",0,"$35","Private room",TRUE,FALSE,FALSE,TRUE,TRUE,TRUE,FALSE,TRUE,TRUE,FALSE,FALSE,FALSE,FALSE,FALSE,FALSE,FALSE,FALSE,FALSE,TRUE,TRUE,FALSE,TRUE,TRUE,FALSE,FALSE,FALSE,FALSE,FALSE,FALSE,FALSE
"195","True",10,6,10,24,-81.4459588937566,5,99,28.4254460752061,44541433,5,12,"Real Bed",10,10,100,13897065,"https://www.airbnb.com/rooms/13897065",95,"$99","Entire home/apt",TRUE,TRUE,TRUE,TRUE,TRUE,FALSE,TRUE,TRUE,TRUE,FALSE,FALSE,FALSE,TRUE,FALSE,TRUE,TRUE,FALSE,FALSE,TRUE,TRUE,FALSE,TRUE,TRUE,TRUE,TRUE,TRUE,TRUE,TRUE,TRUE,FALSE
"196","True",10,4,10,9,-81.4652209440966,4,75,28.3991090139228,27334010,5,84,"Real Bed",10,10,95,9825478,"https://www.airbnb.com/rooms/9825478",0,"$75","Entire home/apt",TRUE,TRUE,FALSE,FALSE,TRUE,FALSE,TRUE,TRUE,TRUE,FALSE,FALSE,FALSE,TRUE,FALSE,TRUE,TRUE,FALSE,FALSE,TRUE,TRUE,FALSE,TRUE,TRUE,TRUE,TRUE,TRUE,TRUE,TRUE,FALSE,FALSE
"197","False",10,2,10,3,-81.4473771341433,3,29,28.4268906564714,35201603,5,35,"Real Bed",10,10,95,6727838,"https://www.airbnb.com/rooms/6727838",0,"$29","Shared room",TRUE,TRUE,TRUE,TRUE,TRUE,TRUE,TRUE,TRUE,TRUE,FALSE,FALSE,FALSE,TRUE,FALSE,TRUE,TRUE,FALSE,FALSE,TRUE,TRUE,FALSE,FALSE,FALSE,TRUE,FALSE,FALSE,FALSE,FALSE,FALSE,FALSE
"198","False",10,3,10,5,-81.3896359359758,5,30,28.4541676700794,96902072,5,6,"Real Bed",10,10,100,15240629,"https://www.airbnb.com/rooms/15240629",10,"$30","Private room",FALSE,FALSE,FALSE,TRUE,TRUE,FALSE,FALSE,FALSE,TRUE,FALSE,FALSE,FALSE,FALSE,FALSE,FALSE,FALSE,FALSE,FALSE,FALSE,TRUE,FALSE,FALSE,FALSE,TRUE,TRUE,TRUE,FALSE,FALSE,TRUE,FALSE
"199","True",10,4,9,11,-81.4760074090375,5,89,28.4270289571088,9464858,4.5,25,"Real Bed",9,10,92,4828529,"https://www.airbnb.com/rooms/4828529",0,"$89","Entire home/apt",TRUE,TRUE,FALSE,TRUE,TRUE,FALSE,TRUE,TRUE,TRUE,FALSE,TRUE,FALSE,TRUE,FALSE,TRUE,TRUE,FALSE,FALSE,TRUE,TRUE,FALSE,FALSE,FALSE,FALSE,FALSE,FALSE,FALSE,FALSE,FALSE,FALSE
"200","True",10,2,10,5,-81.3487861974651,5,24,28.3967093765862,67505991,4.5,5,"Real Bed",10,10,88,13250274,"https://www.airbnb.com/rooms/13250274",20,"$24","Private room",FALSE,FALSE,TRUE,TRUE,TRUE,FALSE,FALSE,TRUE,TRUE,FALSE,FALSE,FALSE,FALSE,FALSE,FALSE,FALSE,FALSE,TRUE,TRUE,TRUE,FALSE,TRUE,TRUE,TRUE,TRUE,FALSE,TRUE,FALSE,FALSE,FALSE
"201","False",10,6,10,35,-81.4861341992772,5,180,28.5218160882546,33121566,5,14,"Real Bed",10,10,99,11158345,"https://www.airbnb.com/rooms/11158345",100,"$180","Entire home/apt",FALSE,TRUE,TRUE,TRUE,TRUE,FALSE,FALSE,TRUE,TRUE,FALSE,FALSE,FALSE,FALSE,FALSE,FALSE,FALSE,FALSE,FALSE,FALSE,TRUE,FALSE,TRUE,TRUE,TRUE,TRUE,TRUE,TRUE,TRUE,TRUE,FALSE
"202","True",9,4,10,13,-81.4708271491025,5,70,28.4099487777558,49055494,5,28,"Real Bed",10,10,99,13095965,"https://www.airbnb.com/rooms/13095965",40,"$70","Entire home/apt",TRUE,FALSE,TRUE,TRUE,TRUE,TRUE,TRUE,TRUE,TRUE,FALSE,FALSE,FALSE,TRUE,FALSE,TRUE,TRUE,FALSE,TRUE,TRUE,TRUE,FALSE,TRUE,TRUE,TRUE,TRUE,TRUE,TRUE,TRUE,TRUE,FALSE
"203","False",10,2,9,7,-81.4778375085721,5,35,28.4797702042166,49037035,4.5,46,"Real Bed",10,10,93,10073656,"https://www.airbnb.com/rooms/10073656",25,"$35","Private room",FALSE,FALSE,TRUE,TRUE,TRUE,FALSE,FALSE,TRUE,TRUE,TRUE,FALSE,FALSE,FALSE,FALSE,FALSE,FALSE,FALSE,FALSE,TRUE,FALSE,FALSE,FALSE,FALSE,FALSE,FALSE,FALSE,FALSE,FALSE,FALSE,FALSE
"204","False",10,2,10,7,-81.461549382029,5,38,28.4863797344809,16902517,5,71,"Real Bed",10,10,95,4348936,"https://www.airbnb.com/rooms/4348936",20,"$38","Private room",TRUE,TRUE,TRUE,TRUE,TRUE,FALSE,TRUE,TRUE,TRUE,TRUE,FALSE,FALSE,FALSE,FALSE,FALSE,FALSE,FALSE,FALSE,TRUE,FALSE,FALSE,FALSE,FALSE,TRUE,TRUE,FALSE,FALSE,FALSE,FALSE,FALSE
"205","False",10,3,10,5,-81.4768323921582,4,40,28.4862289683432,58076089,5,11,"Real Bed",9,10,98,11165098,"https://www.airbnb.com/rooms/11165098",0,"$40","Private room",TRUE,TRUE,TRUE,TRUE,TRUE,FALSE,TRUE,TRUE,TRUE,FALSE,TRUE,FALSE,FALSE,FALSE,FALSE,FALSE,FALSE,FALSE,TRUE,TRUE,FALSE,TRUE,TRUE,TRUE,TRUE,TRUE,FALSE,FALSE,FALSE,FALSE
"206","False",10,3,10,3,-81.4469182210029,5,22,28.5942846820464,92768718,5,4,"Real Bed",10,10,95,14831708,"https://www.airbnb.com/rooms/14831708",8,"$22","Private room",TRUE,FALSE,TRUE,TRUE,TRUE,FALSE,FALSE,TRUE,TRUE,FALSE,FALSE,FALSE,FALSE,FALSE,FALSE,FALSE,FALSE,FALSE,TRUE,FALSE,FALSE,FALSE,FALSE,TRUE,TRUE,FALSE,FALSE,FALSE,FALSE,FALSE
"207","True",9,4,8,16,-81.4706675801578,5,72,28.4578395121023,36569578,4.5,24,"Real Bed",9,9,94,12050307,"https://www.airbnb.com/rooms/12050307",60,"$72","Entire home/apt",TRUE,TRUE,TRUE,TRUE,TRUE,FALSE,TRUE,TRUE,TRUE,FALSE,FALSE,FALSE,TRUE,FALSE,TRUE,TRUE,FALSE,FALSE,TRUE,TRUE,FALSE,FALSE,FALSE,TRUE,TRUE,TRUE,TRUE,TRUE,TRUE,FALSE
"208","True",10,4,10,21,-81.3017318844002,5,79,28.5046840308675,93697673,5,4,"Real Bed",10,10,100,14914521,"https://www.airbnb.com/rooms/14914521",95,"$79","Entire home/apt",TRUE,TRUE,TRUE,TRUE,TRUE,FALSE,TRUE,TRUE,TRUE,FALSE,FALSE,FALSE,TRUE,FALSE,FALSE,TRUE,FALSE,FALSE,TRUE,TRUE,FALSE,TRUE,TRUE,TRUE,TRUE,TRUE,TRUE,TRUE,TRUE,FALSE
"209","True",10,2,10,6,-81.3943500661176,3,49,28.4760236185661,15225497,4.5,67,"Real Bed",10,10,93,7770195,"https://www.airbnb.com/rooms/7770195",0,"$49","Private room",TRUE,TRUE,TRUE,TRUE,TRUE,FALSE,TRUE,FALSE,TRUE,FALSE,FALSE,FALSE,FALSE,FALSE,FALSE,FALSE,FALSE,FALSE,TRUE,TRUE,FALSE,FALSE,FALSE,TRUE,TRUE,FALSE,FALSE,FALSE,FALSE,FALSE
"210","True",10,2,10,8,-81.3576723792446,5,55,28.3677636211746,19252736,5,83,"Real Bed",10,10,98,4262209,"https://www.airbnb.com/rooms/4262209",10,"$55","Private room",FALSE,TRUE,TRUE,TRUE,TRUE,FALSE,TRUE,TRUE,TRUE,FALSE,FALSE,FALSE,FALSE,FALSE,FALSE,FALSE,FALSE,FALSE,TRUE,TRUE,FALSE,TRUE,TRUE,TRUE,TRUE,FALSE,FALSE,FALSE,FALSE,FALSE
"211","False",10,2,10,6,-81.4501752635651,4,49,28.4959418886878,70022878,5,47,"Real Bed",10,10,100,12830560,"https://www.airbnb.com/rooms/12830560",0,"$49","Private room",TRUE,FALSE,FALSE,TRUE,TRUE,FALSE,TRUE,TRUE,TRUE,FALSE,FALSE,FALSE,FALSE,TRUE,FALSE,FALSE,FALSE,FALSE,TRUE,FALSE,FALSE,TRUE,TRUE,TRUE,TRUE,FALSE,FALSE,FALSE,FALSE,FALSE
"212","True",9,1,6,3,-81.4007343744267,5,22,28.5176395987383,26026771,4,47,"Real Bed",8,9,76,5632050,"https://www.airbnb.com/rooms/5632050",5,"$22","Shared room",TRUE,FALSE,TRUE,TRUE,TRUE,TRUE,FALSE,TRUE,TRUE,TRUE,FALSE,FALSE,FALSE,FALSE,FALSE,FALSE,FALSE,FALSE,TRUE,TRUE,TRUE,TRUE,TRUE,TRUE,TRUE,FALSE,FALSE,FALSE,FALSE,FALSE
"213","True",10,2,10,5,-81.3093215941476,5,37,28.4969689974471,20670213,5,19,"Real Bed",10,10,96,6775656,"https://www.airbnb.com/rooms/6775656",10,"$37","Private room",FALSE,FALSE,TRUE,TRUE,TRUE,FALSE,TRUE,TRUE,TRUE,FALSE,FALSE,FALSE,TRUE,FALSE,FALSE,FALSE,FALSE,FALSE,TRUE,TRUE,FALSE,FALSE,FALSE,TRUE,FALSE,FALSE,FALSE,FALSE,FALSE,FALSE
"214","False",10,2,10,5,-81.3407637232485,3,45,28.5687193801595,18338408,5,15,"Real Bed",10,10,99,11589151,"https://www.airbnb.com/rooms/11589151",0,"$45","Private room",TRUE,FALSE,TRUE,TRUE,TRUE,FALSE,FALSE,TRUE,TRUE,FALSE,TRUE,FALSE,FALSE,FALSE,FALSE,FALSE,FALSE,FALSE,TRUE,FALSE,FALSE,TRUE,TRUE,TRUE,TRUE,TRUE,FALSE,FALSE,TRUE,FALSE
"215","True",9,2,9,5,-81.3759550461947,5,35,28.4812177230442,11812268,4.5,76,"Real Bed",10,9,92,2313098,"https://www.airbnb.com/rooms/2313098",5,"$35","Private room",FALSE,FALSE,TRUE,TRUE,TRUE,FALSE,FALSE,TRUE,TRUE,FALSE,FALSE,FALSE,FALSE,FALSE,FALSE,FALSE,FALSE,FALSE,TRUE,TRUE,FALSE,FALSE,FALSE,TRUE,TRUE,FALSE,FALSE,FALSE,FALSE,FALSE
"216","False",10,2,10,12,-81.2725526808229,3,75,28.5998786926877,48387020,5,5,"Real Bed",10,10,100,13830666,"https://www.airbnb.com/rooms/13830666",25,"$75","Private room",TRUE,FALSE,FALSE,TRUE,TRUE,FALSE,TRUE,FALSE,TRUE,FALSE,FALSE,FALSE,FALSE,TRUE,FALSE,FALSE,FALSE,FALSE,TRUE,FALSE,FALSE,FALSE,FALSE,TRUE,TRUE,TRUE,TRUE,TRUE,TRUE,FALSE
"217","True",10,2,9,3,-81.4014892523557,5,21,28.5169055617438,26026771,4.5,7,"Real Bed",9,10,94,10270550,"https://www.airbnb.com/rooms/10270550",5,"$21","Shared room",TRUE,TRUE,TRUE,TRUE,TRUE,FALSE,FALSE,TRUE,TRUE,TRUE,FALSE,TRUE,FALSE,FALSE,FALSE,TRUE,TRUE,FALSE,TRUE,TRUE,TRUE,TRUE,TRUE,TRUE,TRUE,TRUE,TRUE,TRUE,TRUE,FALSE
"218","False",8,2,8,9,-81.4659887963781,5,60,28.4842630054466,79574983,3.5,5,"Real Bed",7,8,68,13746249,"https://www.airbnb.com/rooms/13746249",15,"$60","Private room",TRUE,FALSE,FALSE,TRUE,TRUE,FALSE,FALSE,TRUE,TRUE,FALSE,FALSE,FALSE,FALSE,FALSE,FALSE,FALSE,FALSE,FALSE,TRUE,TRUE,FALSE,FALSE,FALSE,FALSE,FALSE,TRUE,FALSE,TRUE,TRUE,FALSE
"219","True",9,12,10,18,-81.4782619555058,3,146,28.4513089677676,68743077,4.5,8,"Real Bed",9,9,91,12915421,"https://www.airbnb.com/rooms/12915421",115,"$146","Entire home/apt",TRUE,TRUE,TRUE,TRUE,TRUE,FALSE,TRUE,TRUE,TRUE,FALSE,FALSE,TRUE,TRUE,FALSE,FALSE,FALSE,FALSE,FALSE,TRUE,TRUE,FALSE,TRUE,TRUE,TRUE,TRUE,TRUE,TRUE,TRUE,FALSE,FALSE
"220","False",10,2,10,5,-81.4792716159541,4,40,28.4443224634458,41654338,5,8,"Real Bed",10,10,100,15491397,"https://www.airbnb.com/rooms/15491397",0,"$40","Private room",TRUE,FALSE,TRUE,TRUE,TRUE,FALSE,TRUE,TRUE,TRUE,FALSE,FALSE,FALSE,TRUE,FALSE,FALSE,FALSE,FALSE,FALSE,TRUE,TRUE,FALSE,FALSE,FALSE,TRUE,TRUE,TRUE,TRUE,TRUE,TRUE,FALSE
"221","True",10,1,10,4,-81.5050155804948,4,38,28.5211516924488,32935799,5,3,"Real Bed",10,10,100,6423381,"https://www.airbnb.com/rooms/6423381",0,"$38","Private room",TRUE,FALSE,TRUE,TRUE,TRUE,FALSE,FALSE,FALSE,TRUE,FALSE,FALSE,FALSE,FALSE,FALSE,FALSE,FALSE,FALSE,FALSE,TRUE,FALSE,FALSE,FALSE,FALSE,FALSE,TRUE,FALSE,FALSE,FALSE,FALSE,FALSE
"222","False",10,2,10,3,-81.3179395751575,5,30,28.5130339356842,21178516,5,12,"Real Bed",10,10,96,14015778,"https://www.airbnb.com/rooms/14015778",0,"$30","Private room",TRUE,FALSE,TRUE,TRUE,TRUE,FALSE,TRUE,TRUE,TRUE,FALSE,FALSE,FALSE,FALSE,TRUE,FALSE,FALSE,FALSE,FALSE,TRUE,TRUE,FALSE,TRUE,TRUE,FALSE,TRUE,FALSE,FALSE,FALSE,FALSE,FALSE
"223","False",9,2,7,6,-81.3682119016133,5,50,28.5421035808742,20338853,4,141,"Real Bed",9,9,82,5534845,"https://www.airbnb.com/rooms/5534845",0,"$50","Private room",TRUE,FALSE,TRUE,TRUE,TRUE,FALSE,FALSE,TRUE,TRUE,FALSE,TRUE,FALSE,FALSE,FALSE,FALSE,FALSE,TRUE,FALSE,TRUE,FALSE,FALSE,TRUE,TRUE,TRUE,TRUE,TRUE,TRUE,TRUE,TRUE,FALSE
"224","False",10,2,10,4,-81.4766785773474,4,35,28.5443491192347,39824736,5,11,"Real Bed",10,10,98,9096010,"https://www.airbnb.com/rooms/9096010",0,"$35","Private room",TRUE,FALSE,FALSE,TRUE,TRUE,FALSE,FALSE,TRUE,TRUE,FALSE,FALSE,FALSE,FALSE,FALSE,FALSE,TRUE,FALSE,FALSE,TRUE,FALSE,FALSE,TRUE,TRUE,TRUE,TRUE,TRUE,TRUE,TRUE,FALSE,FALSE
"225","False",10,2,10,4,-81.4073700204195,4,25,28.395364321102,12850854,5,15,"Real Bed",10,10,99,12410940,"https://www.airbnb.com/rooms/12410940",10,"$25","Private room",FALSE,FALSE,TRUE,TRUE,TRUE,FALSE,TRUE,TRUE,TRUE,FALSE,FALSE,FALSE,FALSE,FALSE,FALSE,FALSE,FALSE,FALSE,TRUE,FALSE,FALSE,FALSE,FALSE,TRUE,FALSE,TRUE,TRUE,TRUE,FALSE,FALSE
"226","True",10,2,10,5,-81.4402485074537,5,41,28.4884848779104,19811395,4.5,69,"Real Bed",10,10,94,12628860,"https://www.airbnb.com/rooms/12628860",0,"$41","Private room",FALSE,FALSE,TRUE,TRUE,TRUE,FALSE,FALSE,TRUE,TRUE,FALSE,FALSE,FALSE,FALSE,FALSE,FALSE,FALSE,FALSE,FALSE,TRUE,FALSE,FALSE,FALSE,TRUE,TRUE,TRUE,TRUE,TRUE,TRUE,FALSE,FALSE
"227","False",10,2,10,5,-81.3447927715454,3,44,28.5417828748355,20023442,5,30,"Real Bed",10,10,97,8166861,"https://www.airbnb.com/rooms/8166861",0,"$44","Entire home/apt",TRUE,FALSE,FALSE,TRUE,TRUE,FALSE,FALSE,TRUE,TRUE,FALSE,FALSE,FALSE,FALSE,FALSE,FALSE,FALSE,FALSE,FALSE,TRUE,FALSE,FALSE,FALSE,FALSE,TRUE,TRUE,TRUE,TRUE,TRUE,TRUE,FALSE
"228","True",9,2,9,9,-81.3084335221175,3,79,28.4571009452137,6507148,4.5,199,"Real Bed",9,9,89,3421658,"https://www.airbnb.com/rooms/3421658",0,"$79","Private room",TRUE,TRUE,TRUE,TRUE,TRUE,TRUE,TRUE,FALSE,TRUE,FALSE,FALSE,FALSE,TRUE,TRUE,TRUE,FALSE,FALSE,TRUE,TRUE,TRUE,TRUE,TRUE,TRUE,TRUE,TRUE,FALSE,FALSE,FALSE,FALSE,FALSE
"229","False",10,2,10,8,-81.373875566673,3,65,28.5200687526984,994187,5,40,"Real Bed",10,10,96,11279185,"https://www.airbnb.com/rooms/11279185",0,"$65","Entire home/apt",TRUE,TRUE,FALSE,TRUE,TRUE,FALSE,FALSE,TRUE,FALSE,FALSE,FALSE,FALSE,FALSE,FALSE,FALSE,FALSE,FALSE,FALSE,TRUE,FALSE,FALSE,TRUE,TRUE,TRUE,TRUE,TRUE,FALSE,FALSE,TRUE,FALSE
"230","False",10,1,10,6,-81.4917324077174,4,39,28.4231015481313,3746935,5,35,"Real Bed",10,10,99,6728988,"https://www.airbnb.com/rooms/6728988",15,"$39","Private room",TRUE,TRUE,TRUE,TRUE,TRUE,FALSE,TRUE,TRUE,TRUE,FALSE,FALSE,FALSE,FALSE,FALSE,FALSE,FALSE,FALSE,FALSE,TRUE,FALSE,FALSE,TRUE,TRUE,TRUE,TRUE,TRUE,TRUE,TRUE,TRUE,FALSE
"231","False",10,2,10,13,-81.3668890461199,3,65,28.5455240038083,35669308,5,3,"Real Bed",10,10,100,13030958,"https://www.airbnb.com/rooms/13030958",45,"$65","Private room",TRUE,TRUE,FALSE,TRUE,TRUE,FALSE,FALSE,TRUE,TRUE,FALSE,FALSE,FALSE,FALSE,FALSE,FALSE,FALSE,FALSE,FALSE,TRUE,FALSE,FALSE,TRUE,TRUE,TRUE,TRUE,TRUE,TRUE,TRUE,TRUE,FALSE
"232","False",10,2,10,8,-81.3811150454916,5,64,28.4624276083665,37256057,4.5,50,"Real Bed",10,10,92,9668830,"https://www.airbnb.com/rooms/9668830",0,"$64","Entire home/apt",TRUE,FALSE,TRUE,TRUE,TRUE,FALSE,FALSE,TRUE,TRUE,FALSE,FALSE,FALSE,FALSE,FALSE,FALSE,FALSE,FALSE,FALSE,TRUE,TRUE,FALSE,FALSE,FALSE,TRUE,TRUE,TRUE,TRUE,TRUE,FALSE,FALSE
"233","True",10,2,10,6,-81.4511862439385,5,40,28.3637425343173,51412942,5,29,"Real Bed",10,10,100,10009549,"https://www.airbnb.com/rooms/10009549",15,"$40","Private room",FALSE,TRUE,TRUE,TRUE,TRUE,FALSE,FALSE,TRUE,TRUE,TRUE,FALSE,FALSE,FALSE,TRUE,FALSE,FALSE,FALSE,FALSE,TRUE,FALSE,FALSE,FALSE,FALSE,TRUE,TRUE,TRUE,TRUE,TRUE,TRUE,FALSE
"234","True",10,2,10,6,-81.3487569675923,5,32,28.3974986175048,67505991,5,20,"Real Bed",10,10,95,12737728,"https://www.airbnb.com/rooms/12737728",20,"$32","Private room",TRUE,FALSE,TRUE,TRUE,TRUE,FALSE,FALSE,TRUE,TRUE,FALSE,FALSE,FALSE,FALSE,FALSE,FALSE,FALSE,FALSE,FALSE,TRUE,TRUE,FALSE,TRUE,TRUE,TRUE,TRUE,FALSE,TRUE,TRUE,FALSE,FALSE
"235","False",10,4,10,9,-81.3469765105083,5,79,28.5269691776528,29116888,4.5,67,"Real Bed",10,10,94,5617370,"https://www.airbnb.com/rooms/5617370",0,"$79","Entire home/apt",FALSE,FALSE,FALSE,TRUE,TRUE,FALSE,FALSE,TRUE,TRUE,TRUE,FALSE,FALSE,FALSE,FALSE,FALSE,FALSE,FALSE,FALSE,TRUE,TRUE,FALSE,TRUE,TRUE,TRUE,TRUE,TRUE,TRUE,TRUE,TRUE,FALSE
"236","False",10,2,10,5,-81.4546977258931,3,30,28.5618170828512,56382206,5,7,"Real Bed",10,10,97,11078894,"https://www.airbnb.com/rooms/11078894",10,"$30","Private room",TRUE,TRUE,FALSE,TRUE,TRUE,FALSE,FALSE,TRUE,FALSE,FALSE,FALSE,FALSE,FALSE,TRUE,FALSE,FALSE,FALSE,FALSE,TRUE,TRUE,FALSE,FALSE,FALSE,TRUE,FALSE,FALSE,FALSE,FALSE,FALSE,FALSE
"237","False",10,2,10,7,-81.3464512044881,3,32,28.5649831560766,38761572,5,5,"Real Bed",10,10,100,11552068,"https://www.airbnb.com/rooms/11552068",25,"$32","Private room",TRUE,TRUE,FALSE,TRUE,TRUE,FALSE,FALSE,FALSE,TRUE,FALSE,FALSE,FALSE,FALSE,FALSE,FALSE,FALSE,FALSE,FALSE,TRUE,TRUE,FALSE,FALSE,FALSE,TRUE,TRUE,TRUE,TRUE,TRUE,TRUE,FALSE
"238","False",9,2,9,7,-81.4770913717491,5,35,28.4789362938889,49037035,4.5,68,"Real Bed",9,9,90,9491933,"https://www.airbnb.com/rooms/9491933",25,"$35","Private room",FALSE,FALSE,TRUE,TRUE,TRUE,FALSE,FALSE,TRUE,TRUE,FALSE,FALSE,FALSE,FALSE,FALSE,FALSE,FALSE,FALSE,FALSE,TRUE,FALSE,FALSE,FALSE,FALSE,FALSE,FALSE,FALSE,FALSE,FALSE,FALSE,FALSE
"240","True",10,4,9,9,-81.4522629338351,5,49,28.3588831592446,33245081,5,11,"Real Bed",9,10,95,8625568,"https://www.airbnb.com/rooms/8625568",25,"$49","Private room",TRUE,FALSE,TRUE,TRUE,TRUE,TRUE,FALSE,TRUE,TRUE,FALSE,FALSE,FALSE,FALSE,TRUE,FALSE,FALSE,FALSE,FALSE,TRUE,TRUE,FALSE,TRUE,TRUE,TRUE,TRUE,FALSE,FALSE,FALSE,FALSE,FALSE
"241","False",10,2,10,8,-81.4969177033304,3,50,28.4633692057003,80115538,4.5,3,"Real Bed",10,10,93,13714666,"https://www.airbnb.com/rooms/13714666",15,"$50","Private room",FALSE,FALSE,TRUE,TRUE,TRUE,FALSE,FALSE,TRUE,TRUE,FALSE,FALSE,FALSE,FALSE,FALSE,FALSE,FALSE,FALSE,FALSE,TRUE,TRUE,FALSE,TRUE,TRUE,TRUE,TRUE,FALSE,FALSE,FALSE,FALSE,FALSE
"242","False",10,4,10,6,-81.4750521005916,4,55,28.486440398193,58076089,4.5,5,"Real Bed",9,9,88,11226872,"https://www.airbnb.com/rooms/11226872",0,"$55","Private room",TRUE,TRUE,TRUE,TRUE,TRUE,FALSE,TRUE,TRUE,TRUE,FALSE,TRUE,FALSE,FALSE,FALSE,FALSE,FALSE,FALSE,FALSE,TRUE,TRUE,FALSE,TRUE,TRUE,TRUE,TRUE,TRUE,FALSE,FALSE,FALSE,FALSE
"243","False",10,2,10,7,-81.3666414682886,4,50,28.568511115644,19632467,5,96,"Real Bed",10,10,98,6947025,"https://www.airbnb.com/rooms/6947025",8,"$50","Private room",TRUE,FALSE,TRUE,TRUE,TRUE,FALSE,FALSE,TRUE,TRUE,FALSE,FALSE,FALSE,FALSE,FALSE,FALSE,FALSE,TRUE,FALSE,TRUE,FALSE,FALSE,TRUE,TRUE,TRUE,TRUE,TRUE,TRUE,FALSE,TRUE,FALSE
"244","False",9,3,10,4,-81.3948969184077,4,39,28.4512120707831,56973428,4.5,18,"Real Bed",10,10,91,10981157,"https://www.airbnb.com/rooms/10981157",0,"$39","Private room",FALSE,FALSE,TRUE,TRUE,TRUE,FALSE,FALSE,FALSE,TRUE,FALSE,TRUE,FALSE,FALSE,FALSE,FALSE,FALSE,FALSE,FALSE,TRUE,TRUE,FALSE,FALSE,FALSE,TRUE,TRUE,TRUE,TRUE,TRUE,TRUE,FALSE
"245","False",10,1,10,5,-81.4420497838735,5,25,28.4888421143997,47028100,5,9,"Real Bed",10,10,96,10121337,"https://www.airbnb.com/rooms/10121337",15,"$25","Shared room",TRUE,FALSE,TRUE,TRUE,TRUE,FALSE,TRUE,TRUE,TRUE,FALSE,FALSE,FALSE,TRUE,FALSE,TRUE,TRUE,FALSE,FALSE,TRUE,FALSE,FALSE,TRUE,TRUE,FALSE,FALSE,FALSE,TRUE,FALSE,FALSE,FALSE
"246","True",9,2,10,5,-81.3861524412516,5,27,28.4547228863468,53192852,4.5,50,"Real Bed",9,10,92,10371020,"https://www.airbnb.com/rooms/10371020",15,"$27","Private room",FALSE,FALSE,TRUE,TRUE,TRUE,FALSE,FALSE,TRUE,TRUE,FALSE,FALSE,FALSE,FALSE,FALSE,FALSE,FALSE,FALSE,FALSE,TRUE,TRUE,FALSE,TRUE,TRUE,TRUE,TRUE,FALSE,FALSE,FALSE,FALSE,FALSE
"247","False",10,3,10,19,-81.4684844647598,5,89,28.4570448306924,71851465,5,18,"Real Bed",10,10,98,13017929,"https://www.airbnb.com/rooms/13017929",65,"$89","Entire home/apt",TRUE,TRUE,FALSE,TRUE,TRUE,FALSE,TRUE,TRUE,TRUE,FALSE,FALSE,FALSE,TRUE,FALSE,TRUE,TRUE,FALSE,FALSE,TRUE,TRUE,FALSE,TRUE,TRUE,TRUE,TRUE,TRUE,TRUE,TRUE,TRUE,FALSE
"248","False",10,2,10,4,-81.4612623829841,4,28,28.6136406871316,31053568,4.5,10,"Real Bed",10,10,87,14091196,"https://www.airbnb.com/rooms/14091196",7,"$28","Private room",TRUE,FALSE,TRUE,TRUE,TRUE,TRUE,TRUE,TRUE,TRUE,FALSE,FALSE,FALSE,FALSE,FALSE,FALSE,FALSE,FALSE,FALSE,TRUE,FALSE,FALSE,TRUE,TRUE,TRUE,FALSE,FALSE,TRUE,FALSE,FALSE,FALSE
"249","False",9,2,9,9,-81.4678737081751,5,75,28.4581294176119,2244145,4.5,119,"Real Bed",9,9,90,451795,"https://www.airbnb.com/rooms/451795",0,"$75","Private room",TRUE,TRUE,TRUE,TRUE,TRUE,TRUE,TRUE,TRUE,TRUE,FALSE,FALSE,FALSE,TRUE,TRUE,TRUE,TRUE,FALSE,FALSE,TRUE,TRUE,TRUE,FALSE,FALSE,FALSE,FALSE,FALSE,FALSE,FALSE,FALSE,FALSE
"250","False",9,1,8,3,-81.3681541648398,5,25,28.5414263739025,20338853,4.5,144,"Couch",10,9,89,5681664,"https://www.airbnb.com/rooms/5681664",0,"$25","Shared room",TRUE,FALSE,TRUE,TRUE,TRUE,FALSE,FALSE,TRUE,TRUE,FALSE,FALSE,FALSE,FALSE,FALSE,FALSE,FALSE,FALSE,FALSE,TRUE,FALSE,FALSE,TRUE,TRUE,TRUE,TRUE,FALSE,TRUE,TRUE,FALSE,FALSE
"251","True",8,4,10,9,-81.4789842084822,4,79,28.4262155994038,63284764,5,3,"Real Bed",10,9,100,15807816,"https://www.airbnb.com/rooms/15807816",0,"$79","Private room",TRUE,FALSE,FALSE,FALSE,TRUE,FALSE,TRUE,FALSE,TRUE,FALSE,FALSE,FALSE,FALSE,FALSE,TRUE,TRUE,FALSE,FALSE,TRUE,TRUE,FALSE,TRUE,TRUE,TRUE,TRUE,TRUE,FALSE,FALSE,FALSE,FALSE
"252","False",10,1,9,3,-81.3315451645562,3,29,28.5690964392715,22264948,4.5,8,"Real Bed",9,9,90,14807085,"https://www.airbnb.com/rooms/14807085",0,"$29","Private room",FALSE,TRUE,TRUE,TRUE,TRUE,FALSE,TRUE,TRUE,TRUE,TRUE,FALSE,FALSE,FALSE,FALSE,FALSE,FALSE,FALSE,FALSE,TRUE,FALSE,FALSE,TRUE,TRUE,TRUE,TRUE,TRUE,FALSE,FALSE,FALSE,FALSE
"253","True",10,2,10,5,-81.4882920316957,4,45,28.5590784681657,54869366,5,41,"Real Bed",10,10,97,10790852,"https://www.airbnb.com/rooms/10790852",0,"$45","Entire home/apt",TRUE,TRUE,TRUE,TRUE,TRUE,FALSE,TRUE,TRUE,TRUE,FALSE,FALSE,FALSE,FALSE,FALSE,FALSE,FALSE,FALSE,FALSE,TRUE,FALSE,FALSE,FALSE,FALSE,TRUE,TRUE,TRUE,TRUE,TRUE,FALSE,FALSE
"254","False",10,2,10,6,-81.4758885732648,5,32,28.53126155465,15190593,5,67,"Real Bed",10,10,98,9796637,"https://www.airbnb.com/rooms/9796637",17,"$32","Private room",FALSE,FALSE,TRUE,TRUE,TRUE,FALSE,TRUE,FALSE,TRUE,FALSE,FALSE,FALSE,TRUE,FALSE,FALSE,TRUE,FALSE,FALSE,TRUE,FALSE,FALSE,TRUE,TRUE,TRUE,TRUE,TRUE,TRUE,TRUE,TRUE,FALSE
"255","True",10,2,10,4,-81.4926620116444,4,35,28.4875131926562,25037763,5,37,"Real Bed",10,10,98,13935323,"https://www.airbnb.com/rooms/13935323",0,"$35","Private room",TRUE,FALSE,TRUE,TRUE,TRUE,FALSE,FALSE,TRUE,TRUE,FALSE,FALSE,FALSE,FALSE,TRUE,FALSE,TRUE,FALSE,FALSE,TRUE,TRUE,FALSE,TRUE,TRUE,TRUE,FALSE,TRUE,TRUE,TRUE,FALSE,FALSE
"256","True",9,2,9,3,-81.2445555862735,3,26,28.5631004403971,2080048,4.5,262,"Real Bed",9,10,90,2836402,"https://www.airbnb.com/rooms/2836402",0,"$26","Private room",TRUE,TRUE,TRUE,TRUE,TRUE,FALSE,FALSE,TRUE,TRUE,FALSE,FALSE,FALSE,FALSE,FALSE,FALSE,FALSE,FALSE,FALSE,TRUE,TRUE,FALSE,TRUE,TRUE,TRUE,FALSE,TRUE,TRUE,TRUE,TRUE,FALSE
"257","True",9,2,9,5,-81.4221357049256,5,42,28.4718118244056,35004711,4.5,145,"Real Bed",9,9,91,6693545,"https://www.airbnb.com/rooms/6693545",0,"$42","Private room",TRUE,FALSE,TRUE,TRUE,TRUE,FALSE,TRUE,TRUE,TRUE,TRUE,FALSE,FALSE,TRUE,FALSE,FALSE,TRUE,FALSE,FALSE,TRUE,TRUE,FALSE,TRUE,TRUE,FALSE,TRUE,FALSE,FALSE,FALSE,FALSE,FALSE
"258","False",10,1,10,6,-81.228704760163,4,35,28.604401125005,18415184,5,33,"Real Bed",10,10,96,3645619,"https://www.airbnb.com/rooms/3645619",15,"$35","Private room",TRUE,TRUE,FALSE,TRUE,TRUE,TRUE,TRUE,TRUE,TRUE,FALSE,FALSE,FALSE,FALSE,FALSE,FALSE,FALSE,FALSE,FALSE,TRUE,TRUE,FALSE,TRUE,TRUE,TRUE,TRUE,TRUE,TRUE,TRUE,FALSE,FALSE
"259","False",10,2,10,2,-81.5559068434681,3,20,28.4429620407995,91191134,5,17,"Real Bed",10,10,99,14872933,"https://www.airbnb.com/rooms/14872933",0,"$20","Private room",FALSE,FALSE,TRUE,TRUE,TRUE,FALSE,FALSE,TRUE,TRUE,FALSE,FALSE,FALSE,FALSE,FALSE,FALSE,FALSE,FALSE,FALSE,TRUE,TRUE,FALSE,TRUE,TRUE,TRUE,TRUE,TRUE,TRUE,TRUE,TRUE,FALSE
"260","True",10,2,9,4,-81.433530435745,5,25,28.5170897342568,22068201,4.5,90,"Real Bed",10,10,92,7582085,"https://www.airbnb.com/rooms/7582085",10,"$25","Private room",TRUE,FALSE,TRUE,TRUE,TRUE,FALSE,FALSE,TRUE,TRUE,FALSE,FALSE,FALSE,FALSE,FALSE,FALSE,FALSE,FALSE,FALSE,TRUE,TRUE,FALSE,TRUE,TRUE,TRUE,TRUE,FALSE,FALSE,FALSE,FALSE,FALSE
"261","True",10,2,10,3,-81.4462663298605,4,29,28.5280452569998,53655237,5,7,"Real Bed",10,10,100,14506285,"https://www.airbnb.com/rooms/14506285",0,"$29","Private room",TRUE,FALSE,TRUE,TRUE,TRUE,FALSE,FALSE,TRUE,TRUE,FALSE,TRUE,FALSE,FALSE,FALSE,FALSE,FALSE,FALSE,FALSE,TRUE,TRUE,FALSE,TRUE,TRUE,TRUE,TRUE,TRUE,TRUE,TRUE,TRUE,FALSE
"262","True",10,1,10,4,-81.3471047752022,5,26,28.5649582561385,7861291,5,84,"Real Bed",10,10,95,10910467,"https://www.airbnb.com/rooms/10910467",10,"$26","Private room",FALSE,FALSE,TRUE,TRUE,TRUE,FALSE,FALSE,TRUE,TRUE,FALSE,FALSE,FALSE,TRUE,FALSE,FALSE,FALSE,FALSE,FALSE,TRUE,TRUE,FALSE,TRUE,TRUE,TRUE,TRUE,TRUE,TRUE,TRUE,TRUE,FALSE
"263","False",10,2,9,13,-81.4045310268221,4,69,28.5461291929425,6271744,5,36,"Real Bed",10,10,96,12274037,"https://www.airbnb.com/rooms/12274037",35,"$69","Private room",TRUE,FALSE,TRUE,TRUE,TRUE,FALSE,TRUE,TRUE,TRUE,TRUE,FALSE,FALSE,FALSE,FALSE,FALSE,TRUE,FALSE,FALSE,TRUE,FALSE,FALSE,FALSE,FALSE,TRUE,TRUE,TRUE,TRUE,TRUE,TRUE,FALSE
"264","False",10,2,9,10,-81.4699684486698,5,60,28.4560969936086,54070622,5,13,"Real Bed",10,10,97,10537593,"https://www.airbnb.com/rooms/10537593",20,"$60","Entire home/apt",TRUE,TRUE,TRUE,TRUE,TRUE,FALSE,TRUE,TRUE,TRUE,FALSE,FALSE,FALSE,TRUE,FALSE,TRUE,TRUE,FALSE,FALSE,TRUE,FALSE,FALSE,TRUE,TRUE,TRUE,TRUE,TRUE,TRUE,TRUE,TRUE,FALSE
"265","True",10,2,10,5,-81.3690192252327,3,40,28.5518785448539,20934017,5,5,"Real Bed",10,10,100,15772343,"https://www.airbnb.com/rooms/15772343",5,"$40","Private room",FALSE,FALSE,TRUE,TRUE,TRUE,FALSE,FALSE,TRUE,TRUE,FALSE,TRUE,FALSE,FALSE,TRUE,FALSE,FALSE,FALSE,FALSE,TRUE,TRUE,TRUE,TRUE,TRUE,TRUE,TRUE,TRUE,TRUE,TRUE,TRUE,FALSE
"266","True",10,2,10,7,-81.4410772245671,4,49,28.4965869285574,10016552,5,47,"Real Bed",10,10,96,12005551,"https://www.airbnb.com/rooms/12005551",14,"$49","Private room",TRUE,FALSE,TRUE,TRUE,TRUE,FALSE,TRUE,TRUE,TRUE,FALSE,FALSE,FALSE,FALSE,FALSE,FALSE,FALSE,FALSE,FALSE,TRUE,FALSE,FALSE,FALSE,FALSE,TRUE,TRUE,TRUE,TRUE,TRUE,TRUE,FALSE
